state_fips,state_name,age,population,population_pct
01,Alabama,0-14,930221.0,18.3
01,Alabama,0-17,1130725.0,22.2
01,Alabama,0-9,599963.0,11.8
01,Alabama,10-19,676138.0,13.3
01,Alabama,15+,4156547.0,81.7
01,Alabama,15-24,682841.0,13.4
01,Alabama,18+,3956043.0,77.8
01,Alabama,18-19,145376.0,2.9
01,Alabama,18-24,482337.0,9.5
01,Alabama,18-39,1453088.0,28.6
01,Alabama,18-44,1769806.0,34.8
01,Alabama,20-24,336961.0,6.6
01,Alabama,20-29,659278.0,13.0
01,Alabama,25-29,322317.0,6.3
01,Alabama,25-34,655463.0,12.9
01,Alabama,30-34,333146.0,6.5
01,Alabama,30-39,648434.0,12.7
01,Alabama,35-39,315288.0,6.2
01,Alabama,35-44,632006.0,12.4
01,Alabama,40-44,316718.0,6.2
01,Alabama,40-49,618389.0,12.2
01,Alabama,40-64,1598696.0,31.4
01,Alabama,45-49,301671.0,5.9
01,Alabama,45-54,618872.0,12.2
01,Alabama,45-64,1281978.0,25.2
01,Alabama,50-54,317201.0,6.2
01,Alabama,50-59,640154.0,12.6
01,Alabama,55-59,322953.0,6.3
01,Alabama,55-64,663106.0,13.0
01,Alabama,60-64,340153.0,6.7
01,Alabama,60-69,641478.0,12.6
01,Alabama,65+,904259.0,17.8
01,Alabama,65-69,301325.0,5.9
01,Alabama,65-74,542349.0,10.7
01,Alabama,70-74,241024.0,4.7
01,Alabama,70-79,409473.0,8.0
01,Alabama,75-79,168449.0,3.3
01,Alabama,75-84,274297.0,5.4
01,Alabama,80+,193461.0,3.8
01,Alabama,80-84,105848.0,2.1
01,Alabama,85+,87613.0,1.7
01,Alabama,All,5086768.0,100.0
02,Alaska,0-14,147809.0,20.1
02,Alaska,0-17,177179.0,24.1
02,Alaska,0-9,96955.0,13.2
02,Alaska,10-19,97692.0,13.3
02,Alaska,15+,587897.0,79.9
02,Alaska,15-24,97345.0,13.2
02,Alaska,18+,558527.0,75.9
02,Alaska,18-19,17468.0,2.4
02,Alaska,18-24,67975.0,9.2
02,Alaska,18-39,237482.0,32.3
02,Alaska,18-44,286019.0,38.9
02,Alaska,20-24,50507.0,6.9
02,Alaska,20-29,105485.0,14.3
02,Alaska,25-29,54978.0,7.5
02,Alaska,25-34,113657.0,15.4
02,Alaska,30-34,58679.0,8.0
02,Alaska,30-39,114529.0,15.6
02,Alaska,35-39,55850.0,7.6
02,Alaska,35-44,104387.0,14.2
02,Alaska,40-44,48537.0,6.6
02,Alaska,40-49,89958.0,12.2
02,Alaska,40-64,219351.0,29.8
02,Alaska,45-49,41421.0,5.6
02,Alaska,45-54,83023.0,11.3
02,Alaska,45-64,170814.0,23.2
02,Alaska,50-54,41602.0,5.7
02,Alaska,50-59,83070.0,11.3
02,Alaska,55-59,41468.0,5.6
02,Alaska,55-64,87791.0,11.9
02,Alaska,60-64,46323.0,6.3
02,Alaska,60-69,85765.0,11.7
02,Alaska,65+,101694.0,13.8
02,Alaska,65-69,39442.0,5.4
02,Alaska,65-74,67807.0,9.2
02,Alaska,70-74,28365.0,3.9
02,Alaska,70-79,46099.0,6.3
02,Alaska,75-79,17734.0,2.4
02,Alaska,75-84,27034.0,3.7
02,Alaska,80+,16153.0,2.2
02,Alaska,80-84,9300.0,1.3
02,Alaska,85+,6853.0,0.9
02,Alaska,All,735706.0,100.0
04,Arizona,0-14,1302248.0,17.6
04,Arizona,0-17,1594376.0,21.6
04,Arizona,0-9,833597.0,11.3
04,Arizona,10-19,957633.0,13.0
04,Arizona,15+,6076590.0,82.4
04,Arizona,15-24,987915.0,13.4
04,Arizona,18+,5784462.0,78.4
04,Arizona,18-19,196854.0,2.7
04,Arizona,18-24,695787.0,9.4
04,Arizona,18-39,2189162.0,29.7
04,Arizona,18-44,2648298.0,35.9
04,Arizona,20-24,498933.0,6.8
04,Arizona,20-29,1007601.0,13.7
04,Arizona,25-29,508668.0,6.9
04,Arizona,25-34,1018722.0,13.8
04,Arizona,30-34,510054.0,6.9
04,Arizona,30-39,984707.0,13.3
04,Arizona,35-39,474653.0,6.4
04,Arizona,35-44,933789.0,12.7
04,Arizona,40-44,459136.0,6.2
04,Arizona,40-49,883232.0,12.0
04,Arizona,40-64,2197749.0,29.8
04,Arizona,45-49,424096.0,5.7
04,Arizona,45-54,855798.0,11.6
04,Arizona,45-64,1738613.0,23.6
04,Arizona,50-54,431702.0,5.9
04,Arizona,50-59,858822.0,11.6
04,Arizona,55-59,427120.0,5.8
04,Arizona,55-64,882815.0,12.0
04,Arizona,60-64,455695.0,6.2
04,Arizona,60-69,878910.0,11.9
04,Arizona,65+,1397551.0,18.9
04,Arizona,65-69,423215.0,5.7
04,Arizona,65-74,797335.0,10.8
04,Arizona,70-74,374120.0,5.1
04,Arizona,70-79,658139.0,8.9
04,Arizona,75-79,284019.0,3.8
04,Arizona,75-84,456810.0,6.2
04,Arizona,80+,316197.0,4.3
04,Arizona,80-84,172791.0,2.3
04,Arizona,85+,143406.0,1.9
04,Arizona,All,7378838.0,100.0
05,Arkansas,0-14,578643.0,19.0
05,Arkansas,0-17,705010.0,23.1
05,Arkansas,0-9,376366.0,12.3
05,Arkansas,10-19,410338.0,13.5
05,Arkansas,15+,2470748.0,81.0
05,Arkansas,15-24,411576.0,13.5
05,Arkansas,18+,2344381.0,76.9
05,Arkansas,18-19,81694.0,2.7
05,Arkansas,18-24,285209.0,9.4
05,Arkansas,18-39,874581.0,28.7
05,Arkansas,18-44,1068375.0,35.0
05,Arkansas,20-24,203515.0,6.7
05,Arkansas,20-29,398068.0,13.1
05,Arkansas,25-29,194553.0,6.4
05,Arkansas,25-34,395441.0,13.0
05,Arkansas,30-34,200888.0,6.6
05,Arkansas,30-39,394819.0,12.9
05,Arkansas,35-39,193931.0,6.4
05,Arkansas,35-44,387725.0,12.7
05,Arkansas,40-44,193794.0,6.4
05,Arkansas,40-49,372611.0,12.2
05,Arkansas,40-64,933823.0,30.6
05,Arkansas,45-49,178817.0,5.9
05,Arkansas,45-54,359858.0,11.8
05,Arkansas,45-64,740029.0,24.3
05,Arkansas,50-54,181041.0,5.9
05,Arkansas,50-59,366254.0,12.0
05,Arkansas,55-59,185213.0,6.1
05,Arkansas,55-64,380171.0,12.5
05,Arkansas,60-64,194958.0,6.4
05,Arkansas,60-69,367790.0,12.1
05,Arkansas,65+,535977.0,17.6
05,Arkansas,65-69,172832.0,5.7
05,Arkansas,65-74,315511.0,10.3
05,Arkansas,70-74,142679.0,4.7
05,Arkansas,70-79,244638.0,8.0
05,Arkansas,75-79,101959.0,3.3
05,Arkansas,75-84,165212.0,5.4
05,Arkansas,80+,118507.0,3.9
05,Arkansas,80-84,63253.0,2.1
05,Arkansas,85+,55254.0,1.8
05,Arkansas,All,3049391.0,100.0
06,California,0-14,7071384.0,18.0
06,California,0-17,8632796.0,22.0
06,California,0-9,4493959.0,11.4
06,California,10-19,5172488.0,13.2
06,California,15+,32215993.0,82.0
06,California,15-24,5142033.0,13.1
06,California,18+,30654581.0,78.0
06,California,18-19,1033651.0,2.6
06,California,18-24,3580621.0,9.1
06,California,18-39,12187670.0,31.0
06,California,18-44,14845073.0,37.8
06,California,20-24,2546970.0,6.5
06,California,20-29,5342469.0,13.6
06,California,25-29,2795499.0,7.1
06,California,25-34,5802244.0,14.8
06,California,30-34,3006745.0,7.7
06,California,30-39,5811550.0,14.8
06,California,35-39,2804805.0,7.1
06,California,35-44,5462208.0,13.9
06,California,40-44,2657403.0,6.8
06,California,40-49,5091702.0,13.0
06,California,40-64,12308540.0,31.3
06,California,45-49,2434299.0,6.2
06,California,45-54,4906895.0,12.5
06,California,45-64,9651137.0,24.6
06,California,50-54,2472596.0,6.3
06,California,50-59,4885517.0,12.4
06,California,55-59,2412921.0,6.1
06,California,55-64,4744242.0,12.1
06,California,60-64,2331321.0,5.9
06,California,60-69,4334278.0,11.0
06,California,65+,6158371.0,15.7
06,California,65-69,2002957.0,5.1
06,California,65-74,3610692.0,9.2
06,California,70-74,1607735.0,4.1
06,California,70-79,2706043.0,6.9
06,California,75-79,1098308.0,2.8
06,California,75-84,1803567.0,4.6
06,California,80+,1449371.0,3.7
06,California,80-84,705259.0,1.8
06,California,85+,744112.0,1.9
06,California,All,39287377.0,100.0
08,Colorado,0-14,1007177.0,17.2
08,Colorado,0-17,1231527.0,21.0
08,Colorado,0-9,641755.0,10.9
08,Colorado,10-19,741301.0,12.6
08,Colorado,15+,4855012.0,82.8
08,Colorado,15-24,759285.0,13.0
08,Colorado,18+,4630662.0,79.0
08,Colorado,18-19,151529.0,2.6
08,Colorado,18-24,534935.0,9.1
08,Colorado,18-39,1900168.0,32.4
08,Colorado,18-44,2312984.0,39.5
08,Colorado,20-24,383406.0,6.5
08,Colorado,20-29,830584.0,14.2
08,Colorado,25-29,447178.0,7.6
08,Colorado,25-34,920490.0,15.7
08,Colorado,30-34,473312.0,8.1
08,Colorado,30-39,918055.0,15.7
08,Colorado,35-39,444743.0,7.6
08,Colorado,35-44,857559.0,14.6
08,Colorado,40-44,412816.0,7.0
08,Colorado,40-49,772575.0,13.2
08,Colorado,40-64,1816492.0,31.0
08,Colorado,45-49,359759.0,6.1
08,Colorado,45-54,713218.0,12.2
08,Colorado,45-64,1403676.0,23.9
08,Colorado,50-54,353459.0,6.0
08,Colorado,50-59,692383.0,11.8
08,Colorado,55-59,338924.0,5.8
08,Colorado,55-64,690458.0,11.8
08,Colorado,60-64,351534.0,6.0
08,Colorado,60-69,663880.0,11.3
08,Colorado,65+,914002.0,15.6
08,Colorado,65-69,312346.0,5.3
08,Colorado,65-74,565225.0,9.6
08,Colorado,70-74,252879.0,4.3
08,Colorado,70-79,413093.0,7.0
08,Colorado,75-79,160214.0,2.7
08,Colorado,75-84,255746.0,4.4
08,Colorado,80+,188563.0,3.2
08,Colorado,80-84,95532.0,1.6
08,Colorado,85+,93031.0,1.6
08,Colorado,All,5862189.0,100.0
09,Connecticut,0-14,591827.0,16.3
09,Connecticut,0-17,731586.0,20.2
09,Connecticut,0-9,376855.0,10.4
09,Connecticut,10-19,454682.0,12.5
09,Connecticut,15+,3032681.0,83.7
09,Connecticut,15-24,478097.0,13.2
09,Connecticut,18+,2892922.0,79.8
09,Connecticut,18-19,99951.0,2.8
09,Connecticut,18-24,338338.0,9.3
09,Connecticut,18-39,1027100.0,28.3
09,Connecticut,18-44,1254146.0,34.6
09,Connecticut,20-24,238387.0,6.6
09,Connecticut,20-29,462684.0,12.8
09,Connecticut,25-29,224297.0,6.2
09,Connecticut,25-34,454892.0,12.6
09,Connecticut,30-34,230595.0,6.4
09,Connecticut,30-39,464465.0,12.8
09,Connecticut,35-39,233870.0,6.5
09,Connecticut,35-44,460916.0,12.7
09,Connecticut,40-44,227046.0,6.3
09,Connecticut,40-49,441000.0,12.2
09,Connecticut,40-64,1195265.0,33.0
09,Connecticut,45-49,213954.0,5.9
09,Connecticut,45-54,453917.0,12.5
09,Connecticut,45-64,968219.0,26.7
09,Connecticut,50-54,239963.0,6.6
09,Connecticut,50-59,496031.0,13.7
09,Connecticut,55-59,256068.0,7.1
09,Connecticut,55-64,514302.0,14.2
09,Connecticut,60-64,258234.0,7.1
09,Connecticut,60-69,472483.0,13.0
09,Connecticut,65+,670557.0,18.5
09,Connecticut,65-69,214249.0,5.9
09,Connecticut,65-74,386232.0,10.7
09,Connecticut,70-74,171983.0,4.7
09,Connecticut,70-79,290836.0,8.0
09,Connecticut,75-79,118853.0,3.3
09,Connecticut,75-84,196373.0,5.4
09,Connecticut,80+,165472.0,4.6
09,Connecticut,80-84,77520.0,2.1
09,Connecticut,85+,87952.0,2.4
09,Connecticut,All,3624508.0,100.0
10,Delaware,0-14,173818.0,17.0
10,Delaware,0-17,211672.0,20.7
10,Delaware,0-9,112606.0,11.0
10,Delaware,10-19,125825.0,12.3
10,Delaware,15+,847373.0,83.0
10,Delaware,15-24,124329.0,12.2
10,Delaware,18+,809519.0,79.3
10,Delaware,18-19,26759.0,2.6
10,Delaware,18-24,86475.0,8.5
10,Delaware,18-39,277777.0,27.2
10,Delaware,18-44,339759.0,33.3
10,Delaware,20-24,59716.0,5.8
10,Delaware,20-29,120997.0,11.8
10,Delaware,25-29,61281.0,6.0
10,Delaware,25-34,128909.0,12.6
10,Delaware,30-34,67628.0,6.6
10,Delaware,30-39,130021.0,12.7
10,Delaware,35-39,62393.0,6.1
10,Delaware,35-44,124375.0,12.2
10,Delaware,40-44,61982.0,6.1
10,Delaware,40-49,117223.0,11.5
10,Delaware,40-64,321641.0,31.5
10,Delaware,45-49,55241.0,5.4
10,Delaware,45-54,116774.0,11.4
10,Delaware,45-64,259659.0,25.4
10,Delaware,50-54,61533.0,6.0
10,Delaware,50-59,128332.0,12.6
10,Delaware,55-59,66799.0,6.5
10,Delaware,55-64,142885.0,14.0
10,Delaware,60-64,76086.0,7.5
10,Delaware,60-69,147189.0,14.4
10,Delaware,65+,210101.0,20.6
10,Delaware,65-69,71103.0,7.0
10,Delaware,65-74,127671.0,12.5
10,Delaware,70-74,56568.0,5.5
10,Delaware,70-79,94661.0,9.3
10,Delaware,75-79,38093.0,3.7
10,Delaware,75-84,61892.0,6.1
10,Delaware,80+,44337.0,4.3
10,Delaware,80-84,23799.0,2.3
10,Delaware,85+,20538.0,2.0
10,Delaware,All,1021191.0,100.0
11,District of Columbia,0-14,110436.0,16.2
11,District of Columbia,0-17,127314.0,18.7
11,District of Columbia,0-9,77236.0,11.3
11,District of Columbia,10-19,69439.0,10.2
11,District of Columbia,15+,570858.0,83.8
11,District of Columbia,15-24,81939.0,12.0
11,District of Columbia,18+,553980.0,81.3
11,District of Columbia,18-19,19361.0,2.8
11,District of Columbia,18-24,65061.0,9.5
11,District of Columbia,18-39,277750.0,40.8
11,District of Columbia,18-44,329007.0,48.3
11,District of Columbia,20-24,45700.0,6.7
11,District of Columbia,20-29,118731.0,17.4
11,District of Columbia,25-29,73031.0,10.7
11,District of Columbia,25-34,150199.0,22.0
11,District of Columbia,30-34,77168.0,11.3
11,District of Columbia,30-39,139658.0,20.5
11,District of Columbia,35-39,62490.0,9.2
11,District of Columbia,35-44,113747.0,16.7
11,District of Columbia,40-44,51257.0,7.5
11,District of Columbia,40-49,88760.0,13.0
11,District of Columbia,40-64,189071.0,27.8
11,District of Columbia,45-49,37503.0,5.5
11,District of Columbia,45-54,72373.0,10.6
11,District of Columbia,45-64,137814.0,20.2
11,District of Columbia,50-54,34870.0,5.1
11,District of Columbia,50-59,67765.0,9.9
11,District of Columbia,55-59,32895.0,4.8
11,District of Columbia,55-64,65441.0,9.6
11,District of Columbia,60-64,32546.0,4.8
11,District of Columbia,60-69,60043.0,8.8
11,District of Columbia,65+,87159.0,12.8
11,District of Columbia,65-69,27497.0,4.0
11,District of Columbia,65-74,50502.0,7.4
11,District of Columbia,70-74,23005.0,3.4
11,District of Columbia,70-79,39653.0,5.8
11,District of Columbia,75-79,16648.0,2.4
11,District of Columbia,75-84,27107.0,4.0
11,District of Columbia,80+,20009.0,2.9
11,District of Columbia,80-84,10459.0,1.5
11,District of Columbia,85+,9550.0,1.4
11,District of Columbia,All,681294.0,100.0
12,Florida,0-14,3591294.0,16.0
12,Florida,0-17,4374830.0,19.5
12,Florida,0-9,2310994.0,10.3
12,Florida,10-19,2578036.0,11.5
12,Florida,15+,18824783.0,84.0
12,Florida,15-24,2596383.0,11.6
12,Florida,18+,18041247.0,80.5
12,Florida,18-19,514200.0,2.3
12,Florida,18-24,1812847.0,8.1
12,Florida,18-39,6082338.0,27.1
12,Florida,18-44,7491304.0,33.4
12,Florida,20-24,1298647.0,5.8
12,Florida,20-29,2660245.0,11.9
12,Florida,25-29,1361598.0,6.1
12,Florida,25-34,2838327.0,12.7
12,Florida,30-34,1476729.0,6.6
12,Florida,30-39,2907893.0,13.0
12,Florida,35-39,1431164.0,6.4
12,Florida,35-44,2840130.0,12.7
12,Florida,40-44,1408966.0,6.3
12,Florida,40-49,2746777.0,12.3
12,Florida,40-64,7176931.0,32.0
12,Florida,45-49,1337811.0,6.0
12,Florida,45-54,2756490.0,12.3
12,Florida,45-64,5767965.0,25.7
12,Florida,50-54,1418679.0,6.3
12,Florida,50-59,2898282.0,12.9
12,Florida,55-59,1479603.0,6.6
12,Florida,55-64,3011475.0,13.4
12,Florida,60-64,1531872.0,6.8
12,Florida,60-69,2932101.0,13.1
12,Florida,65+,4781978.0,21.3
12,Florida,65-69,1400229.0,6.2
12,Florida,65-74,2632160.0,11.7
12,Florida,70-74,1231931.0,5.5
12,Florida,70-79,2195548.0,9.8
12,Florida,75-79,963617.0,4.3
12,Florida,75-84,1577196.0,7.0
12,Florida,80+,1186201.0,5.3
12,Florida,80-84,613579.0,2.7
12,Florida,85+,572622.0,2.6
12,Florida,All,22416077.0,100.0
13,Georgia,0-14,2073568.0,19.0
13,Georgia,0-17,2541498.0,23.2
13,Georgia,0-9,1324712.0,12.1
13,Georgia,10-19,1519887.0,13.9
13,Georgia,15+,8866839.0,81.0
13,Georgia,15-24,1507018.0,13.8
13,Georgia,18+,8398909.0,76.8
13,Georgia,18-19,303101.0,2.8
13,Georgia,18-24,1039088.0,9.5
13,Georgia,18-39,3286063.0,30.0
13,Georgia,18-44,4014663.0,36.7
13,Georgia,20-24,735987.0,6.7
13,Georgia,20-29,1476615.0,13.5
13,Georgia,25-29,740628.0,6.8
13,Georgia,25-34,1505865.0,13.8
13,Georgia,30-34,765237.0,7.0
13,Georgia,30-39,1506347.0,13.8
13,Georgia,35-39,741110.0,6.8
13,Georgia,35-44,1469710.0,13.4
13,Georgia,40-44,728600.0,6.7
13,Georgia,40-49,1419370.0,13.0
13,Georgia,40-64,3476037.0,31.8
13,Georgia,45-49,690770.0,6.3
13,Georgia,45-54,1403090.0,12.8
13,Georgia,45-64,2747437.0,25.1
13,Georgia,50-54,712320.0,6.5
13,Georgia,50-59,1395346.0,12.8
13,Georgia,55-59,683026.0,6.2
13,Georgia,55-64,1344347.0,12.3
13,Georgia,60-64,661321.0,6.0
13,Georgia,60-69,1212845.0,11.1
13,Georgia,65+,1636809.0,15.0
13,Georgia,65-69,551524.0,5.0
13,Georgia,65-74,1000556.0,9.1
13,Georgia,70-74,449032.0,4.1
13,Georgia,70-79,751298.0,6.9
13,Georgia,75-79,302266.0,2.8
13,Georgia,75-84,481104.0,4.4
13,Georgia,80+,333987.0,3.1
13,Georgia,80-84,178838.0,1.6
13,Georgia,85+,155149.0,1.4
13,Georgia,All,10940407.0,100.0
15,Hawaii,0-14,250584.0,17.3
15,Hawaii,0-17,298609.0,20.7
15,Hawaii,0-9,162879.0,11.3
15,Hawaii,10-19,165082.0,11.4
15,Hawaii,15+,1194651.0,82.7
15,Hawaii,15-24,164454.0,11.4
15,Hawaii,18+,1146626.0,79.3
15,Hawaii,18-19,29352.0,2.0
15,Hawaii,18-24,116429.0,8.1
15,Hawaii,18-39,406496.0,28.1
15,Hawaii,18-44,500891.0,34.7
15,Hawaii,20-24,87077.0,6.0
15,Hawaii,20-29,179717.0,12.4
15,Hawaii,25-29,92640.0,6.4
15,Hawaii,25-34,191594.0,13.3
15,Hawaii,30-34,98954.0,6.8
15,Hawaii,30-39,197427.0,13.7
15,Hawaii,35-39,98473.0,6.8
15,Hawaii,35-44,192868.0,13.3
15,Hawaii,40-44,94395.0,6.5
15,Hawaii,40-49,178321.0,12.3
15,Hawaii,40-64,444578.0,30.8
15,Hawaii,45-49,83926.0,5.8
15,Hawaii,45-54,170490.0,11.8
15,Hawaii,45-64,350183.0,24.2
15,Hawaii,50-54,86564.0,6.0
15,Hawaii,50-59,173897.0,12.0
15,Hawaii,55-59,87333.0,6.0
15,Hawaii,55-64,179693.0,12.4
15,Hawaii,60-64,92360.0,6.4
15,Hawaii,60-69,181175.0,12.5
15,Hawaii,65+,295552.0,20.5
15,Hawaii,65-69,88815.0,6.1
15,Hawaii,65-74,164909.0,11.4
15,Hawaii,70-74,76094.0,5.3
15,Hawaii,70-79,132995.0,9.2
15,Hawaii,75-79,56901.0,3.9
15,Hawaii,75-84,90818.0,6.3
15,Hawaii,80+,73742.0,5.1
15,Hawaii,80-84,33917.0,2.3
15,Hawaii,85+,39825.0,2.8
15,Hawaii,All,1445235.0,100.0
16,Idaho,0-14,379928.0,19.6
16,Idaho,0-17,466183.0,24.1
16,Idaho,0-9,241002.0,12.5
16,Idaho,10-19,286632.0,14.8
16,Idaho,15+,1554334.0,80.4
16,Idaho,15-24,276149.0,14.3
16,Idaho,18+,1468079.0,75.9
16,Idaho,18-19,61451.0,3.2
16,Idaho,18-24,189894.0,9.8
16,Idaho,18-39,568594.0,29.4
16,Idaho,18-44,694701.0,35.9
16,Idaho,20-24,128443.0,6.6
16,Idaho,20-29,252801.0,13.1
16,Idaho,25-29,124358.0,6.4
16,Idaho,25-34,251814.0,13.0
16,Idaho,30-34,127456.0,6.6
16,Idaho,30-39,254342.0,13.1
16,Idaho,35-39,126886.0,6.6
16,Idaho,35-44,252993.0,13.1
16,Idaho,40-44,126107.0,6.5
16,Idaho,40-49,237155.0,12.3
16,Idaho,40-64,570849.0,29.5
16,Idaho,45-49,111048.0,5.7
16,Idaho,45-54,218915.0,11.3
16,Idaho,45-64,444742.0,23.0
16,Idaho,50-54,107867.0,5.6
16,Idaho,50-59,215659.0,11.1
16,Idaho,55-59,107792.0,5.6
16,Idaho,55-64,225827.0,11.7
16,Idaho,60-64,118035.0,6.1
16,Idaho,60-69,225673.0,11.7
16,Idaho,65+,328636.0,17.0
16,Idaho,65-69,107638.0,5.6
16,Idaho,65-74,200526.0,10.4
16,Idaho,70-74,92888.0,4.8
16,Idaho,70-79,152171.0,7.9
16,Idaho,75-79,59283.0,3.1
16,Idaho,75-84,96984.0,5.0
16,Idaho,80+,68827.0,3.6
16,Idaho,80-84,37701.0,1.9
16,Idaho,85+,31126.0,1.6
16,Idaho,All,1934262.0,100.0
17,Illinois,0-14,2262254.0,17.8
17,Illinois,0-17,2773339.0,21.8
17,Illinois,0-9,1455858.0,11.5
17,Illinois,10-19,1646352.0,13.0
17,Illinois,15+,10432544.0,82.2
17,Illinois,15-24,1665540.0,13.1
17,Illinois,18+,9921459.0,78.2
17,Illinois,18-19,328871.0,2.6
17,Illinois,18-24,1154455.0,9.1
17,Illinois,18-39,3740785.0,29.5
17,Illinois,18-44,4568714.0,36.0
17,Illinois,20-24,825584.0,6.5
17,Illinois,20-29,1676795.0,13.2
17,Illinois,25-29,851211.0,6.7
17,Illinois,25-34,1726336.0,13.6
17,Illinois,30-34,875125.0,6.9
17,Illinois,30-39,1735119.0,13.7
17,Illinois,35-39,859994.0,6.8
17,Illinois,35-44,1687923.0,13.3
17,Illinois,40-44,827929.0,6.5
17,Illinois,40-49,1604245.0,12.6
17,Illinois,40-64,4024460.0,31.7
17,Illinois,45-49,776316.0,6.1
17,Illinois,45-54,1575366.0,12.4
17,Illinois,45-64,3196531.0,25.2
17,Illinois,50-54,799050.0,6.3
17,Illinois,50-59,1606323.0,12.7
17,Illinois,55-59,807273.0,6.4
17,Illinois,55-64,1621165.0,12.8
17,Illinois,60-64,813892.0,6.4
17,Illinois,60-69,1520658.0,12.0
17,Illinois,65+,2156214.0,17.0
17,Illinois,65-69,706766.0,5.6
17,Illinois,65-74,1273219.0,10.0
17,Illinois,70-74,566453.0,4.5
17,Illinois,70-79,944431.0,7.4
17,Illinois,75-79,377978.0,3.0
17,Illinois,75-84,624933.0,4.9
17,Illinois,80+,505017.0,4.0
17,Illinois,80-84,246955.0,1.9
17,Illinois,85+,258062.0,2.0
17,Illinois,All,12694798.0,100.0
18,Indiana,0-14,1308741.0,19.1
18,Indiana,0-17,1594421.0,23.3
18,Indiana,0-9,848172.0,12.4
18,Indiana,10-19,935358.0,13.7
18,Indiana,15+,5542332.0,80.9
18,Indiana,15-24,946328.0,13.8
18,Indiana,18+,5256652.0,76.7
18,Indiana,18-19,189109.0,2.8
18,Indiana,18-24,660648.0,9.6
18,Indiana,18-39,2002274.0,29.2
18,Indiana,18-44,2430619.0,35.5
18,Indiana,20-24,471539.0,6.9
18,Indiana,20-29,919800.0,13.4
18,Indiana,25-29,448261.0,6.5
18,Indiana,25-34,900216.0,13.1
18,Indiana,30-34,451955.0,6.6
18,Indiana,30-39,893365.0,13.0
18,Indiana,35-39,441410.0,6.4
18,Indiana,35-44,869755.0,12.7
18,Indiana,40-44,428345.0,6.3
18,Indiana,40-49,830816.0,12.1
18,Indiana,40-64,2106751.0,30.8
18,Indiana,45-49,402471.0,5.9
18,Indiana,45-54,819749.0,12.0
18,Indiana,45-64,1678406.0,24.5
18,Indiana,50-54,417278.0,6.1
18,Indiana,50-59,837595.0,12.2
18,Indiana,55-59,420317.0,6.1
18,Indiana,55-64,858657.0,12.5
18,Indiana,60-64,438340.0,6.4
18,Indiana,60-69,818611.0,11.9
18,Indiana,65+,1147627.0,16.8
18,Indiana,65-69,380271.0,5.6
18,Indiana,65-74,688708.0,10.1
18,Indiana,70-74,308437.0,4.5
18,Indiana,70-79,512789.0,7.5
18,Indiana,75-79,204352.0,3.0
18,Indiana,75-84,331438.0,4.8
18,Indiana,80+,254567.0,3.7
18,Indiana,80-84,127086.0,1.9
18,Indiana,85+,127481.0,1.9
18,Indiana,All,6851073.0,100.0
19,Iowa,0-14,602686.0,18.8
19,Iowa,0-17,735015.0,22.9
19,Iowa,0-9,390657.0,12.2
19,Iowa,10-19,438339.0,13.7
19,Iowa,15+,2607821.0,81.2
19,Iowa,15-24,453672.0,14.1
19,Iowa,18+,2475492.0,77.1
19,Iowa,18-19,93981.0,2.9
19,Iowa,18-24,321343.0,10.0
19,Iowa,18-39,925984.0,28.8
19,Iowa,18-44,1126878.0,35.1
19,Iowa,20-24,227362.0,7.1
19,Iowa,20-29,427113.0,13.3
19,Iowa,25-29,199751.0,6.2
19,Iowa,25-34,399923.0,12.5
19,Iowa,30-34,200172.0,6.2
19,Iowa,30-39,404890.0,12.6
19,Iowa,35-39,204718.0,6.4
19,Iowa,35-44,405612.0,12.6
19,Iowa,40-44,200894.0,6.3
19,Iowa,40-49,379946.0,11.8
19,Iowa,40-64,967352.0,30.1
19,Iowa,45-49,179052.0,5.6
19,Iowa,45-54,362615.0,11.3
19,Iowa,45-64,766458.0,23.9
19,Iowa,50-54,183563.0,5.7
19,Iowa,50-59,374045.0,11.7
19,Iowa,55-59,190482.0,5.9
19,Iowa,55-64,403843.0,12.6
19,Iowa,60-64,213361.0,6.6
19,Iowa,60-69,398959.0,12.4
19,Iowa,65+,582156.0,18.1
19,Iowa,65-69,185598.0,5.8
19,Iowa,65-74,339586.0,10.6
19,Iowa,70-74,153988.0,4.8
19,Iowa,70-79,253370.0,7.9
19,Iowa,75-79,99382.0,3.1
19,Iowa,75-84,168017.0,5.2
19,Iowa,80+,143188.0,4.5
19,Iowa,80-84,68635.0,2.1
19,Iowa,85+,74553.0,2.3
19,Iowa,All,3210507.0,100.0
20,Kansas,0-14,574785.0,19.5
20,Kansas,0-17,700229.0,23.8
20,Kansas,0-9,368545.0,12.5
20,Kansas,10-19,416657.0,14.1
20,Kansas,15+,2372412.0,80.5
20,Kansas,15-24,425734.0,14.4
20,Kansas,18+,2246968.0,76.2
20,Kansas,18-19,84973.0,2.9
20,Kansas,18-24,300290.0,10.2
20,Kansas,18-39,876831.0,29.8
20,Kansas,18-44,1059713.0,36.0
20,Kansas,20-24,215317.0,7.3
20,Kansas,20-29,405397.0,13.8
20,Kansas,25-29,190080.0,6.4
20,Kansas,25-34,379661.0,12.9
20,Kansas,30-34,189581.0,6.4
20,Kansas,30-39,386461.0,13.1
20,Kansas,35-39,196880.0,6.7
20,Kansas,35-44,379762.0,12.9
20,Kansas,40-44,182882.0,6.2
20,Kansas,40-49,347307.0,11.8
20,Kansas,40-64,870303.0,29.5
20,Kansas,45-49,164425.0,5.6
20,Kansas,45-54,329237.0,11.2
20,Kansas,45-64,687421.0,23.3
20,Kansas,50-54,164812.0,5.6
20,Kansas,50-59,335748.0,11.4
20,Kansas,55-59,170936.0,5.8
20,Kansas,55-64,358184.0,12.2
20,Kansas,60-64,187248.0,6.4
20,Kansas,60-69,350733.0,11.9
20,Kansas,65+,499834.0,17.0
20,Kansas,65-69,163485.0,5.5
20,Kansas,65-74,296626.0,10.1
20,Kansas,70-74,133141.0,4.5
20,Kansas,70-79,219238.0,7.4
20,Kansas,75-79,86097.0,2.9
20,Kansas,75-84,143082.0,4.9
20,Kansas,80+,117111.0,4.0
20,Kansas,80-84,56985.0,1.9
20,Kansas,85+,60126.0,2.0
20,Kansas,All,2947197.0,100.0
21,Kentucky,0-14,844086.0,18.6
21,Kentucky,0-17,1024976.0,22.6
21,Kentucky,0-9,549649.0,12.1
21,Kentucky,10-19,588274.0,13.0
21,Kentucky,15+,3690738.0,81.4
21,Kentucky,15-24,591980.0,13.1
21,Kentucky,18+,3509848.0,77.4
21,Kentucky,18-19,112947.0,2.5
21,Kentucky,18-24,411090.0,9.1
21,Kentucky,18-39,1294811.0,28.6
21,Kentucky,18-44,1577342.0,34.8
21,Kentucky,20-24,298143.0,6.6
21,Kentucky,20-29,592940.0,13.1
21,Kentucky,25-29,294797.0,6.5
21,Kentucky,25-34,595129.0,13.1
21,Kentucky,30-34,300332.0,6.6
21,Kentucky,30-39,588924.0,13.0
21,Kentucky,35-39,288592.0,6.4
21,Kentucky,35-44,571123.0,12.6
21,Kentucky,40-44,282531.0,6.2
21,Kentucky,40-49,555801.0,12.3
21,Kentucky,40-64,1430361.0,31.5
21,Kentucky,45-49,273270.0,6.0
21,Kentucky,45-54,557506.0,12.3
21,Kentucky,45-64,1147830.0,25.3
21,Kentucky,50-54,284236.0,6.3
21,Kentucky,50-59,574715.0,12.7
21,Kentucky,55-59,290479.0,6.4
21,Kentucky,55-64,590324.0,13.0
21,Kentucky,60-64,299845.0,6.6
21,Kentucky,60-69,563673.0,12.4
21,Kentucky,65+,784676.0,17.3
21,Kentucky,65-69,263828.0,5.8
21,Kentucky,65-74,476480.0,10.5
21,Kentucky,70-74,212652.0,4.7
21,Kentucky,70-79,357294.0,7.9
21,Kentucky,75-79,144642.0,3.2
21,Kentucky,75-84,232690.0,5.1
21,Kentucky,80+,163554.0,3.6
21,Kentucky,80-84,88048.0,1.9
21,Kentucky,85+,75506.0,1.7
21,Kentucky,All,4534824.0,100.0
22,Louisiana,0-14,894879.0,19.4
22,Louisiana,0-17,1082850.0,23.5
22,Louisiana,0-9,580392.0,12.6
22,Louisiana,10-19,617868.0,13.4
22,Louisiana,15+,3717082.0,80.6
22,Louisiana,15-24,609646.0,13.2
22,Louisiana,18+,3529111.0,76.5
22,Louisiana,18-19,115410.0,2.5
22,Louisiana,18-24,421675.0,9.1
22,Louisiana,18-39,1347726.0,29.2
22,Louisiana,18-44,1646901.0,35.7
22,Louisiana,20-24,306265.0,6.6
22,Louisiana,20-29,601374.0,13.0
22,Louisiana,25-29,295109.0,6.4
22,Louisiana,25-34,611260.0,13.3
22,Louisiana,30-34,316151.0,6.9
22,Louisiana,30-39,630942.0,13.7
22,Louisiana,35-39,314791.0,6.8
22,Louisiana,35-44,613966.0,13.3
22,Louisiana,40-44,299175.0,6.5
22,Louisiana,40-49,562121.0,12.2
22,Louisiana,40-64,1408981.0,30.6
22,Louisiana,45-49,262946.0,5.7
22,Louisiana,45-54,529268.0,11.5
22,Louisiana,45-64,1109806.0,24.1
22,Louisiana,50-54,266322.0,5.8
22,Louisiana,50-59,548608.0,11.9
22,Louisiana,55-59,282286.0,6.1
22,Louisiana,55-64,580538.0,12.6
22,Louisiana,60-64,298252.0,6.5
22,Louisiana,60-69,557226.0,12.1
22,Louisiana,65+,772404.0,16.7
22,Louisiana,65-69,258974.0,5.6
22,Louisiana,65-74,471351.0,10.2
22,Louisiana,70-74,212377.0,4.6
22,Louisiana,70-79,352507.0,7.6
22,Louisiana,75-79,140130.0,3.0
22,Louisiana,75-84,221679.0,4.8
22,Louisiana,80+,160923.0,3.5
22,Louisiana,80-84,81549.0,1.8
22,Louisiana,85+,79374.0,1.7
22,Louisiana,All,4611961.0,100.0
23,Maine,0-14,203710.0,14.7
23,Maine,0-17,250540.0,18.1
23,Maine,0-9,132362.0,9.5
23,Maine,10-19,151933.0,10.9
23,Maine,15+,1184107.0,85.3
23,Maine,15-24,157857.0,11.4
23,Maine,18+,1137277.0,81.9
23,Maine,18-19,33755.0,2.4
23,Maine,18-24,111027.0,8.0
23,Maine,18-39,363742.0,26.2
23,Maine,18-44,447195.0,32.2
23,Maine,20-24,77272.0,5.6
23,Maine,20-29,156902.0,11.3
23,Maine,25-29,79630.0,5.7
23,Maine,25-34,166942.0,12.0
23,Maine,30-34,87312.0,6.3
23,Maine,30-39,173085.0,12.5
23,Maine,35-39,85773.0,6.2
23,Maine,35-44,169226.0,12.2
23,Maine,40-44,83453.0,6.0
23,Maine,40-49,162960.0,11.7
23,Maine,40-64,463115.0,33.4
23,Maine,45-49,79507.0,5.7
23,Maine,45-54,169595.0,12.2
23,Maine,45-64,379662.0,27.4
23,Maine,50-54,90088.0,6.5
23,Maine,50-59,188949.0,13.6
23,Maine,55-59,98861.0,7.1
23,Maine,55-64,210067.0,15.1
23,Maine,60-64,111206.0,8.0
23,Maine,60-69,212581.0,15.3
23,Maine,65+,310420.0,22.4
23,Maine,65-69,101375.0,7.3
23,Maine,65-74,186307.0,13.4
23,Maine,70-74,84932.0,6.1
23,Maine,70-79,141424.0,10.2
23,Maine,75-79,56492.0,4.1
23,Maine,75-84,92634.0,6.7
23,Maine,80+,67621.0,4.9
23,Maine,80-84,36142.0,2.6
23,Maine,85+,31479.0,2.3
23,Maine,All,1387817.0,100.0
24,Maryland,0-14,1133154.0,18.3
24,Maryland,0-17,1376500.0,22.2
24,Maryland,0-9,736121.0,11.9
24,Maryland,10-19,795641.0,12.8
24,Maryland,15+,5072857.0,81.7
24,Maryland,15-24,771522.0,12.4
24,Maryland,18+,4829511.0,77.8
24,Maryland,18-19,155262.0,2.5
24,Maryland,18-24,528176.0,8.5
24,Maryland,18-39,1778843.0,28.7
24,Maryland,18-44,2188388.0,35.3
24,Maryland,20-24,372914.0,6.0
24,Maryland,20-29,761740.0,12.3
24,Maryland,25-29,388826.0,6.3
24,Maryland,25-34,816944.0,13.2
24,Maryland,30-34,428118.0,6.9
24,Maryland,30-39,861841.0,13.9
24,Maryland,35-39,433723.0,7.0
24,Maryland,35-44,843268.0,13.6
24,Maryland,40-44,409545.0,6.6
24,Maryland,40-49,786302.0,12.7
24,Maryland,40-64,2016927.0,32.5
24,Maryland,45-49,376757.0,6.1
24,Maryland,45-54,779854.0,12.6
24,Maryland,45-64,1607382.0,25.9
24,Maryland,50-54,403097.0,6.5
24,Maryland,50-59,818009.0,13.2
24,Maryland,55-59,414912.0,6.7
24,Maryland,55-64,827528.0,13.3
24,Maryland,60-64,412616.0,6.6
24,Maryland,60-69,751283.0,12.1
24,Maryland,65+,1033741.0,16.7
24,Maryland,65-69,338667.0,5.5
24,Maryland,65-74,611969.0,9.9
24,Maryland,70-74,273302.0,4.4
24,Maryland,70-79,459872.0,7.4
24,Maryland,75-79,186570.0,3.0
24,Maryland,75-84,303784.0,4.9
24,Maryland,80+,235202.0,3.8
24,Maryland,80-84,117214.0,1.9
24,Maryland,85+,117988.0,1.9
24,Maryland,All,6206011.0,100.0
25,Massachusetts,0-14,1112006.0,15.8
25,Massachusetts,0-17,1364181.0,19.4
25,Massachusetts,0-9,715221.0,10.2
25,Massachusetts,10-19,858236.0,12.2
25,Massachusetts,15+,5932050.0,84.2
25,Massachusetts,15-24,944748.0,13.4
25,Massachusetts,18+,5679875.0,80.6
25,Massachusetts,18-19,209276.0,3.0
25,Massachusetts,18-24,692573.0,9.8
25,Massachusetts,18-39,2159507.0,30.7
25,Massachusetts,18-44,2600030.0,36.9
25,Massachusetts,20-24,483297.0,6.9
25,Massachusetts,20-29,972359.0,13.8
25,Massachusetts,25-29,489062.0,6.9
25,Massachusetts,25-34,989446.0,14.0
25,Massachusetts,30-34,500384.0,7.1
25,Massachusetts,30-39,977872.0,13.9
25,Massachusetts,35-39,477488.0,6.8
25,Massachusetts,35-44,918011.0,13.0
25,Massachusetts,40-44,440523.0,6.3
25,Massachusetts,40-49,852956.0,12.1
25,Massachusetts,40-64,2262095.0,32.1
25,Massachusetts,45-49,412433.0,5.9
25,Massachusetts,45-54,865707.0,12.3
25,Massachusetts,45-64,1821572.0,25.9
25,Massachusetts,50-54,453274.0,6.4
25,Massachusetts,50-59,932823.0,13.2
25,Massachusetts,55-59,479549.0,6.8
25,Massachusetts,55-64,955865.0,13.6
25,Massachusetts,60-64,476316.0,6.8
25,Massachusetts,60-69,884997.0,12.6
25,Massachusetts,65+,1258273.0,17.9
25,Massachusetts,65-69,408681.0,5.8
25,Massachusetts,65-74,739229.0,10.5
25,Massachusetts,70-74,330548.0,4.7
25,Massachusetts,70-79,553828.0,7.9
25,Massachusetts,75-79,223280.0,3.2
25,Massachusetts,75-84,366626.0,5.2
25,Massachusetts,80+,295764.0,4.2
25,Massachusetts,80-84,143346.0,2.0
25,Massachusetts,85+,152418.0,2.2
25,Massachusetts,All,7044056.0,100.0
26,Michigan,0-14,1749361.0,17.4
26,Michigan,0-17,2140484.0,21.2
26,Michigan,0-9,1126301.0,11.2
26,Michigan,10-19,1274865.0,12.7
26,Michigan,15+,8328400.0,82.6
26,Michigan,15-24,1319893.0,13.1
26,Michigan,18+,7937277.0,78.8
26,Michigan,18-19,260682.0,2.6
26,Michigan,18-24,928770.0,9.2
26,Michigan,18-39,2875052.0,28.5
26,Michigan,18-44,3479577.0,34.5
26,Michigan,20-24,668088.0,6.6
26,Michigan,20-29,1324410.0,13.1
26,Michigan,25-29,656322.0,6.5
26,Michigan,25-34,1325954.0,13.2
26,Michigan,30-34,669632.0,6.6
26,Michigan,30-39,1289960.0,12.8
26,Michigan,35-39,620328.0,6.2
26,Michigan,35-44,1224853.0,12.2
26,Michigan,40-44,604525.0,6.0
26,Michigan,40-49,1182368.0,11.7
26,Michigan,40-64,3185959.0,31.6
26,Michigan,45-49,577843.0,5.7
26,Michigan,45-54,1213689.0,12.0
26,Michigan,45-64,2581434.0,25.6
26,Michigan,50-54,635846.0,6.3
26,Michigan,50-59,1296948.0,12.9
26,Michigan,55-59,661102.0,6.6
26,Michigan,55-64,1367745.0,13.6
26,Michigan,60-64,706643.0,7.0
26,Michigan,60-69,1330257.0,13.2
26,Michigan,65+,1876266.0,18.6
26,Michigan,65-69,623614.0,6.2
26,Michigan,65-74,1132749.0,11.2
26,Michigan,70-74,509135.0,5.1
26,Michigan,70-79,834962.0,8.3
26,Michigan,75-79,325827.0,3.2
26,Michigan,75-84,535137.0,5.3
26,Michigan,80+,417690.0,4.1
26,Michigan,80-84,209310.0,2.1
26,Michigan,85+,208380.0,2.1
26,Michigan,All,10077761.0,100.0
27,Minnesota,0-14,1078696.0,18.8
27,Minnesota,0-17,1312190.0,22.9
27,Minnesota,0-9,696577.0,12.1
27,Minnesota,10-19,761553.0,13.3
27,Minnesota,15+,4660749.0,81.2
27,Minnesota,15-24,737005.0,12.8
27,Minnesota,18+,4427255.0,77.1
27,Minnesota,18-19,145940.0,2.5
27,Minnesota,18-24,503511.0,8.8
27,Minnesota,18-39,1650479.0,28.8
27,Minnesota,18-44,2028859.0,35.3
27,Minnesota,20-24,357571.0,6.2
27,Minnesota,20-29,722987.0,12.6
27,Minnesota,25-29,365416.0,6.4
27,Minnesota,25-34,748867.0,13.0
27,Minnesota,30-34,383451.0,6.7
27,Minnesota,30-39,781552.0,13.6
27,Minnesota,35-39,398101.0,6.9
27,Minnesota,35-44,776481.0,13.5
27,Minnesota,40-44,378380.0,6.6
27,Minnesota,40-49,704409.0,12.3
27,Minnesota,40-64,1784391.0,31.1
27,Minnesota,45-49,326029.0,5.7
27,Minnesota,45-54,665981.0,11.6
27,Minnesota,45-64,1406011.0,24.5
27,Minnesota,50-54,339952.0,5.9
27,Minnesota,50-59,695939.0,12.1
27,Minnesota,55-59,355987.0,6.2
27,Minnesota,55-64,740030.0,12.9
27,Minnesota,60-64,384043.0,6.7
27,Minnesota,60-69,708502.0,12.3
27,Minnesota,65+,992385.0,17.3
27,Minnesota,65-69,324459.0,5.7
27,Minnesota,65-74,588005.0,10.2
27,Minnesota,70-74,263546.0,4.6
27,Minnesota,70-79,434464.0,7.6
27,Minnesota,75-79,170918.0,3.0
27,Minnesota,75-84,283339.0,4.9
27,Minnesota,80+,233462.0,4.1
27,Minnesota,80-84,112421.0,2.0
27,Minnesota,85+,121041.0,2.1
27,Minnesota,All,5739445.0,100.0
28,Mississippi,0-14,560326.0,19.0
28,Mississippi,0-17,686805.0,23.3
28,Mississippi,0-9,356242.0,12.1
28,Mississippi,10-19,418014.0,14.2
28,Mississippi,15+,2386453.0,81.0
28,Mississippi,15-24,414187.0,14.1
28,Mississippi,18+,2259974.0,76.7
28,Mississippi,18-19,87451.0,3.0
28,Mississippi,18-24,287708.0,9.8
28,Mississippi,18-39,840211.0,28.5
28,Mississippi,18-44,1028783.0,34.9
28,Mississippi,20-24,200257.0,6.8
28,Mississippi,20-29,383263.0,13.0
28,Mississippi,25-29,183006.0,6.2
28,Mississippi,25-34,370591.0,12.6
28,Mississippi,30-34,187585.0,6.4
28,Mississippi,30-39,369497.0,12.5
28,Mississippi,35-39,181912.0,6.2
28,Mississippi,35-44,370484.0,12.6
28,Mississippi,40-44,188572.0,6.4
28,Mississippi,40-49,361939.0,12.3
28,Mississippi,40-64,913924.0,31.0
28,Mississippi,45-49,173367.0,5.9
28,Mississippi,45-54,353387.0,12.0
28,Mississippi,45-64,725352.0,24.6
28,Mississippi,50-54,180020.0,6.1
28,Mississippi,50-59,355988.0,12.1
28,Mississippi,55-59,175968.0,6.0
28,Mississippi,55-64,371965.0,12.6
28,Mississippi,60-64,195997.0,6.7
28,Mississippi,60-69,362079.0,12.3
28,Mississippi,65+,505839.0,17.2
28,Mississippi,65-69,166082.0,5.6
28,Mississippi,65-74,305731.0,10.4
28,Mississippi,70-74,139649.0,4.7
28,Mississippi,70-79,231815.0,7.9
28,Mississippi,75-79,92166.0,3.1
28,Mississippi,75-84,151120.0,5.1
28,Mississippi,80+,107942.0,3.7
28,Mississippi,80-84,58954.0,2.0
28,Mississippi,85+,48988.0,1.7
28,Mississippi,All,2946779.0,100.0
29,Missouri,0-14,1135263.0,18.3
29,Missouri,0-17,1382679.0,22.3
29,Missouri,0-9,736366.0,11.9
29,Missouri,10-19,806835.0,13.0
29,Missouri,15+,5056551.0,81.7
29,Missouri,15-24,813436.0,13.1
29,Missouri,18+,4809135.0,77.7
29,Missouri,18-19,160522.0,2.6
29,Missouri,18-24,566020.0,9.1
29,Missouri,18-39,1788973.0,28.9
29,Missouri,18-44,2175133.0,35.1
29,Missouri,20-24,405498.0,6.5
29,Missouri,20-29,806641.0,13.0
29,Missouri,25-29,401143.0,6.5
29,Missouri,25-34,815246.0,13.2
29,Missouri,30-34,414103.0,6.7
29,Missouri,30-39,821810.0,13.3
29,Missouri,35-39,407707.0,6.6
29,Missouri,35-44,793867.0,12.8
29,Missouri,40-44,386160.0,6.2
29,Missouri,40-49,738665.0,11.9
29,Missouri,40-64,1912419.0,30.9
29,Missouri,45-49,352505.0,5.7
29,Missouri,45-54,720426.0,11.6
29,Missouri,45-64,1526259.0,24.6
29,Missouri,50-54,367921.0,5.9
29,Missouri,50-59,755063.0,12.2
29,Missouri,55-59,387142.0,6.3
29,Missouri,55-64,805833.0,13.0
29,Missouri,60-64,418691.0,6.8
29,Missouri,60-69,778410.0,12.6
29,Missouri,65+,1107743.0,17.9
29,Missouri,65-69,359719.0,5.8
29,Missouri,65-74,655725.0,10.6
29,Missouri,70-74,296006.0,4.8
29,Missouri,70-79,494443.0,8.0
29,Missouri,75-79,198437.0,3.2
29,Missouri,75-84,327571.0,5.3
29,Missouri,80+,253581.0,4.1
29,Missouri,80-84,129134.0,2.1
29,Missouri,85+,124447.0,2.0
29,Missouri,All,6191814.0,100.0
30,Montana,0-14,192339.0,17.2
30,Montana,0-17,234707.0,21.0
30,Montana,0-9,122874.0,11.0
30,Montana,10-19,138743.0,12.4
30,Montana,15+,924536.0,82.8
30,Montana,15-24,143272.0,12.8
30,Montana,18+,882168.0,79.0
30,Montana,18-19,26910.0,2.4
30,Montana,18-24,100904.0,9.0
30,Montana,18-39,317293.0,28.4
30,Montana,18-44,388821.0,34.8
30,Montana,20-24,73994.0,6.6
30,Montana,20-29,144788.0,13.0
30,Montana,25-29,70794.0,6.3
30,Montana,25-34,143694.0,12.9
30,Montana,30-34,72900.0,6.5
30,Montana,30-39,145595.0,13.0
30,Montana,35-39,72695.0,6.5
30,Montana,35-44,144223.0,12.9
30,Montana,40-44,71528.0,6.4
30,Montana,40-49,133408.0,11.9
30,Montana,40-64,340202.0,30.5
30,Montana,45-49,61880.0,5.5
30,Montana,45-54,123705.0,11.1
30,Montana,45-64,268674.0,24.1
30,Montana,50-54,61825.0,5.5
30,Montana,50-59,128004.0,11.5
30,Montana,55-59,66179.0,5.9
30,Montana,55-64,144969.0,13.0
30,Montana,60-64,78790.0,7.1
30,Montana,60-69,153724.0,13.8
30,Montana,65+,224673.0,20.1
30,Montana,65-69,74934.0,6.7
30,Montana,65-74,138097.0,12.4
30,Montana,70-74,63163.0,5.7
30,Montana,70-79,103946.0,9.3
30,Montana,75-79,40783.0,3.7
30,Montana,75-84,65466.0,5.9
30,Montana,80+,45793.0,4.1
30,Montana,80-84,24683.0,2.2
30,Montana,85+,21110.0,1.9
30,Montana,All,1116875.0,100.0
31,Nebraska,0-14,399440.0,20.2
31,Nebraska,0-17,484749.0,24.5
31,Nebraska,0-9,258492.0,13.1
31,Nebraska,10-19,280632.0,14.2
31,Nebraska,15+,1579267.0,79.8
31,Nebraska,15-24,278857.0,14.1
31,Nebraska,18+,1493958.0,75.5
31,Nebraska,18-19,54375.0,2.7
31,Nebraska,18-24,193548.0,9.8
31,Nebraska,18-39,578748.0,29.2
31,Nebraska,18-44,706778.0,35.7
31,Nebraska,20-24,139173.0,7.0
31,Nebraska,20-29,267113.0,13.5
31,Nebraska,25-29,127940.0,6.5
31,Nebraska,25-34,254673.0,12.9
31,Nebraska,30-34,126733.0,6.4
31,Nebraska,30-39,257260.0,13.0
31,Nebraska,35-39,130527.0,6.6
31,Nebraska,35-44,258557.0,13.1
31,Nebraska,40-44,128030.0,6.5
31,Nebraska,40-49,238777.0,12.1
31,Nebraska,40-64,584405.0,29.5
31,Nebraska,45-49,110747.0,5.6
31,Nebraska,45-54,220530.0,11.1
31,Nebraska,45-64,456375.0,23.1
31,Nebraska,50-54,109783.0,5.5
31,Nebraska,50-59,221215.0,11.2
31,Nebraska,55-59,111432.0,5.6
31,Nebraska,55-64,235845.0,11.9
31,Nebraska,60-64,124413.0,6.3
31,Nebraska,60-69,232305.0,11.7
31,Nebraska,65+,330805.0,16.7
31,Nebraska,65-69,107892.0,5.5
31,Nebraska,65-74,196312.0,9.9
31,Nebraska,70-74,88420.0,4.5
31,Nebraska,70-79,145750.0,7.4
31,Nebraska,75-79,57330.0,2.9
31,Nebraska,75-84,94720.0,4.8
31,Nebraska,80+,77163.0,3.9
31,Nebraska,80-84,37390.0,1.9
31,Nebraska,85+,39773.0,2.0
31,Nebraska,All,1978707.0,100.0
32,Nevada,0-14,568613.0,17.9
32,Nevada,0-17,692459.0,21.7
32,Nevada,0-9,363059.0,11.4
32,Nevada,10-19,398570.0,12.5
32,Nevada,15+,2615999.0,82.1
32,Nevada,15-24,379047.0,11.9
32,Nevada,18+,2492153.0,78.3
32,Nevada,18-19,69170.0,2.2
32,Nevada,18-24,255201.0,8.0
32,Nevada,18-39,938697.0,29.5
32,Nevada,18-44,1154777.0,36.3
32,Nevada,20-24,186031.0,5.8
32,Nevada,20-29,406188.0,12.8
32,Nevada,25-29,220157.0,6.9
32,Nevada,25-34,458490.0,14.4
32,Nevada,30-34,238333.0,7.5
32,Nevada,30-39,463339.0,14.5
32,Nevada,35-39,225006.0,7.1
32,Nevada,35-44,441086.0,13.9
32,Nevada,40-44,216080.0,6.8
32,Nevada,40-49,412670.0,13.0
32,Nevada,40-64,1012670.0,31.8
32,Nevada,45-49,196590.0,6.2
32,Nevada,45-54,400496.0,12.6
32,Nevada,45-64,796590.0,25.0
32,Nevada,50-54,203906.0,6.4
32,Nevada,50-59,402325.0,12.6
32,Nevada,55-59,198419.0,6.2
32,Nevada,55-64,396094.0,12.4
32,Nevada,60-64,197675.0,6.2
32,Nevada,60-69,374814.0,11.8
32,Nevada,65+,540786.0,17.0
32,Nevada,65-69,177139.0,5.6
32,Nevada,65-74,328267.0,10.3
32,Nevada,70-74,151128.0,4.7
32,Nevada,70-79,255902.0,8.0
32,Nevada,75-79,104774.0,3.3
32,Nevada,75-84,164792.0,5.2
32,Nevada,80+,107745.0,3.4
32,Nevada,80-84,60018.0,1.9
32,Nevada,85+,47727.0,1.5
32,Nevada,All,3184612.0,100.0
33,New Hampshire,0-14,206080.0,14.8
33,New Hampshire,0-17,254480.0,18.2
33,New Hampshire,0-9,130141.0,9.3
33,New Hampshire,10-19,161320.0,11.6
33,New Hampshire,15+,1188788.0,85.2
33,New Hampshire,15-24,169559.0,12.2
33,New Hampshire,18+,1140388.0,81.8
33,New Hampshire,18-19,36981.0,2.7
33,New Hampshire,18-24,121159.0,8.7
33,New Hampshire,18-39,386142.0,27.7
33,New Hampshire,18-44,470474.0,33.7
33,New Hampshire,20-24,84178.0,6.0
33,New Hampshire,20-29,169301.0,12.1
33,New Hampshire,25-29,85123.0,6.1
33,New Hampshire,25-34,176928.0,12.7
33,New Hampshire,30-34,91805.0,6.6
33,New Hampshire,30-39,179860.0,12.9
33,New Hampshire,35-39,88055.0,6.3
33,New Hampshire,35-44,172387.0,12.4
33,New Hampshire,40-44,84332.0,6.0
33,New Hampshire,40-49,163634.0,11.7
33,New Hampshire,40-64,473313.0,33.9
33,New Hampshire,45-49,79302.0,5.7
33,New Hampshire,45-54,173123.0,12.4
33,New Hampshire,45-64,388981.0,27.9
33,New Hampshire,50-54,93821.0,6.7
33,New Hampshire,50-59,197798.0,14.2
33,New Hampshire,55-59,103977.0,7.5
33,New Hampshire,55-64,215858.0,15.5
33,New Hampshire,60-64,111881.0,8.0
33,New Hampshire,60-69,206270.0,14.8
33,New Hampshire,65+,280933.0,20.1
33,New Hampshire,65-69,94389.0,6.8
33,New Hampshire,65-74,170639.0,12.2
33,New Hampshire,70-74,76250.0,5.5
33,New Hampshire,70-79,126922.0,9.1
33,New Hampshire,75-79,50672.0,3.6
33,New Hampshire,75-84,82052.0,5.9
33,New Hampshire,80+,59622.0,4.3
33,New Hampshire,80-84,31380.0,2.2
33,New Hampshire,85+,28242.0,2.0
33,New Hampshire,All,1394868.0,100.0
34,New Jersey,0-14,1671596.0,17.9
34,New Jersey,0-17,2037645.0,21.8
34,New Jersey,0-9,1080057.0,11.6
34,New Jersey,10-19,1179626.0,12.6
34,New Jersey,15+,7672213.0,82.1
34,New Jersey,15-24,1149011.0,12.3
34,New Jersey,18+,7306164.0,78.2
34,New Jersey,18-19,222038.0,2.4
34,New Jersey,18-24,782962.0,8.4
34,New Jersey,18-39,2620377.0,28.0
34,New Jersey,18-44,3226596.0,34.5
34,New Jersey,20-24,560924.0,6.0
34,New Jersey,20-29,1145119.0,12.3
34,New Jersey,25-29,584195.0,6.3
34,New Jersey,25-34,1205455.0,12.9
34,New Jersey,30-34,621260.0,6.6
34,New Jersey,30-39,1253220.0,13.4
34,New Jersey,35-39,631960.0,6.8
34,New Jersey,35-44,1238179.0,13.3
34,New Jersey,40-44,606219.0,6.5
34,New Jersey,40-49,1192706.0,12.8
34,New Jersey,40-64,3080029.0,33.0
34,New Jersey,45-49,586487.0,6.3
34,New Jersey,45-54,1208979.0,12.9
34,New Jersey,45-64,2473810.0,26.5
34,New Jersey,50-54,622492.0,6.7
34,New Jersey,50-59,1265373.0,13.5
34,New Jersey,55-59,642881.0,6.9
34,New Jersey,55-64,1264831.0,13.5
34,New Jersey,60-64,621950.0,6.7
34,New Jersey,60-69,1143232.0,12.2
34,New Jersey,65+,1605758.0,17.2
34,New Jersey,65-69,521282.0,5.6
34,New Jersey,65-74,932861.0,10.0
34,New Jersey,70-74,411579.0,4.4
34,New Jersey,70-79,703766.0,7.5
34,New Jersey,75-79,292187.0,3.1
34,New Jersey,75-84,480074.0,5.1
34,New Jersey,80+,380710.0,4.1
34,New Jersey,80-84,187887.0,2.0
34,New Jersey,85+,192823.0,2.1
34,New Jersey,All,9343809.0,100.0
35,New Mexico,0-14,375465.0,17.7
35,New Mexico,0-17,461141.0,21.7
35,New Mexico,0-9,233618.0,11.0
35,New Mexico,10-19,283734.0,13.4
35,New Mexico,15+,1744781.0,82.3
35,New Mexico,15-24,283343.0,13.4
35,New Mexico,18+,1659105.0,78.3
35,New Mexico,18-19,56211.0,2.7
35,New Mexico,18-24,197667.0,9.3
35,New Mexico,18-39,614641.0,29.0
35,New Mexico,18-44,748124.0,35.3
35,New Mexico,20-24,141456.0,6.7
35,New Mexico,20-29,278712.0,13.1
35,New Mexico,25-29,137256.0,6.5
35,New Mexico,25-34,279417.0,13.2
35,New Mexico,30-34,142161.0,6.7
35,New Mexico,30-39,279718.0,13.2
35,New Mexico,35-39,137557.0,6.5
35,New Mexico,35-44,271040.0,12.8
35,New Mexico,40-44,133483.0,6.3
35,New Mexico,40-49,251689.0,11.9
35,New Mexico,40-64,636200.0,30.0
35,New Mexico,45-49,118206.0,5.6
35,New Mexico,45-54,237482.0,11.2
35,New Mexico,45-64,502717.0,23.7
35,New Mexico,50-54,119276.0,5.6
35,New Mexico,50-59,243040.0,11.5
35,New Mexico,55-59,123764.0,5.8
35,New Mexico,55-64,265235.0,12.5
35,New Mexico,60-64,141471.0,6.7
35,New Mexico,60-69,271513.0,12.8
35,New Mexico,65+,408264.0,19.3
35,New Mexico,65-69,130042.0,6.1
35,New Mexico,65-74,243152.0,11.5
35,New Mexico,70-74,113110.0,5.3
35,New Mexico,70-79,187616.0,8.8
35,New Mexico,75-79,74506.0,3.5
35,New Mexico,75-84,122158.0,5.8
35,New Mexico,80+,90606.0,4.3
35,New Mexico,80-84,47652.0,2.2
35,New Mexico,85+,42954.0,2.0
35,New Mexico,All,2120246.0,100.0
36,New York,0-14,3356701.0,16.9
36,New York,0-17,4065312.0,20.5
36,New York,0-9,2178586.0,11.0
36,New York,10-19,2397873.0,12.1
36,New York,15+,16495665.0,83.1
36,New York,15-24,2478481.0,12.5
36,New York,18+,15787054.0,79.5
36,New York,18-19,511147.0,2.6
36,New York,18-24,1769870.0,8.9
36,New York,18-39,5913626.0,29.8
36,New York,18-44,7157888.0,36.1
36,New York,20-24,1258723.0,6.3
36,New York,20-29,2639766.0,13.3
36,New York,25-29,1381043.0,7.0
36,New York,25-34,2815828.0,14.2
36,New York,30-34,1434785.0,7.2
36,New York,30-39,2762713.0,13.9
36,New York,35-39,1327928.0,6.7
36,New York,35-44,2572190.0,13.0
36,New York,40-44,1244262.0,6.3
36,New York,40-49,2413167.0,12.2
36,New York,40-64,6319400.0,31.8
36,New York,45-49,1168905.0,5.9
36,New York,45-54,2431164.0,12.2
36,New York,45-64,5075138.0,25.6
36,New York,50-54,1262259.0,6.4
36,New York,50-59,2584605.0,13.0
36,New York,55-59,1322346.0,6.7
36,New York,55-64,2643974.0,13.3
36,New York,60-64,1321628.0,6.7
36,New York,60-69,2449138.0,12.3
36,New York,65+,3554028.0,17.9
36,New York,65-69,1127510.0,5.7
36,New York,65-74,2053493.0,10.3
36,New York,70-74,925983.0,4.7
36,New York,70-79,1562662.0,7.9
36,New York,75-79,636679.0,3.2
36,New York,75-84,1055115.0,5.3
36,New York,80+,863856.0,4.4
36,New York,80-84,418436.0,2.1
36,New York,85+,445420.0,2.2
36,New York,All,19852366.0,100.0
37,North Carolina,0-14,1914536.0,17.8
37,North Carolina,0-17,2334920.0,21.8
37,North Carolina,0-9,1241391.0,11.6
37,North Carolina,10-19,1390764.0,13.0
37,North Carolina,15+,8815868.0,82.2
37,North Carolina,15-24,1435538.0,13.4
37,North Carolina,18+,8395484.0,78.2
37,North Carolina,18-19,297235.0,2.8
37,North Carolina,18-24,1015154.0,9.5
37,North Carolina,18-39,3146110.0,29.3
37,North Carolina,18-44,3827824.0,35.7
37,North Carolina,20-24,717919.0,6.7
37,North Carolina,20-29,1424693.0,13.3
37,North Carolina,25-29,706774.0,6.6
37,North Carolina,25-34,1438482.0,13.4
37,North Carolina,30-34,731708.0,6.8
37,North Carolina,30-39,1424182.0,13.3
37,North Carolina,35-39,692474.0,6.5
37,North Carolina,35-44,1374188.0,12.8
37,North Carolina,40-44,681714.0,6.4
37,North Carolina,40-49,1338458.0,12.5
37,North Carolina,40-64,3403811.0,31.7
37,North Carolina,45-49,656744.0,6.1
37,North Carolina,45-54,1351250.0,12.6
37,North Carolina,45-64,2722097.0,25.4
37,North Carolina,50-54,694506.0,6.5
37,North Carolina,50-59,1373776.0,12.8
37,North Carolina,55-59,679270.0,6.3
37,North Carolina,55-64,1370847.0,12.8
37,North Carolina,60-64,691577.0,6.4
37,North Carolina,60-69,1293650.0,12.1
37,North Carolina,65+,1845563.0,17.2
37,North Carolina,65-69,602073.0,5.6
37,North Carolina,65-74,1108123.0,10.3
37,North Carolina,70-74,506050.0,4.7
37,North Carolina,70-79,852198.0,7.9
37,North Carolina,75-79,346148.0,3.2
37,North Carolina,75-84,551658.0,5.1
37,North Carolina,80+,391292.0,3.6
37,North Carolina,80-84,205510.0,1.9
37,North Carolina,85+,185782.0,1.7
37,North Carolina,All,10730404.0,100.0
38,North Dakota,0-14,154761.0,19.7
38,North Dakota,0-17,184461.0,23.5
38,North Dakota,0-9,101677.0,13.0
38,North Dakota,10-19,107639.0,13.7
38,North Dakota,15+,630080.0,80.3
38,North Dakota,15-24,116675.0,14.9
38,North Dakota,18+,600380.0,76.5
38,North Dakota,18-19,24855.0,3.2
38,North Dakota,18-24,86975.0,11.1
38,North Dakota,18-39,252836.0,32.2
38,North Dakota,18-44,301789.0,38.5
38,North Dakota,20-24,62120.0,7.9
38,North Dakota,20-29,117629.0,15.0
38,North Dakota,25-29,55509.0,7.1
38,North Dakota,25-34,111558.0,14.2
38,North Dakota,30-34,56049.0,7.1
38,North Dakota,30-39,110352.0,14.1
38,North Dakota,35-39,54303.0,6.9
38,North Dakota,35-44,103256.0,13.2
38,North Dakota,40-44,48953.0,6.2
38,North Dakota,40-49,88124.0,11.2
38,North Dakota,40-64,217690.0,27.7
38,North Dakota,45-49,39171.0,5.0
38,North Dakota,45-54,78919.0,10.1
38,North Dakota,45-64,168737.0,21.5
38,North Dakota,50-54,39748.0,5.1
38,North Dakota,50-59,81680.0,10.4
38,North Dakota,55-59,41932.0,5.3
38,North Dakota,55-64,89818.0,11.4
38,North Dakota,60-64,47886.0,6.1
38,North Dakota,60-69,89822.0,11.4
38,North Dakota,65+,129854.0,16.5
38,North Dakota,65-69,41936.0,5.3
38,North Dakota,65-74,75157.0,9.6
38,North Dakota,70-74,33221.0,4.2
38,North Dakota,70-79,55309.0,7.0
38,North Dakota,75-79,22088.0,2.8
38,North Dakota,75-84,37406.0,4.8
38,North Dakota,80+,32609.0,4.2
38,North Dakota,80-84,15318.0,2.0
38,North Dakota,85+,17291.0,2.2
38,North Dakota,All,784841.0,100.0
39,Ohio,0-14,2134234.0,18.1
39,Ohio,0-17,2600150.0,22.0
39,Ohio,0-9,1387530.0,11.7
39,Ohio,10-19,1513467.0,12.8
39,Ohio,15+,9676059.0,81.9
39,Ohio,15-24,1513843.0,12.8
39,Ohio,18+,9210143.0,78.0
39,Ohio,18-19,300847.0,2.5
39,Ohio,18-24,1047927.0,8.9
39,Ohio,18-39,3355189.0,28.4
39,Ohio,18-44,4085334.0,34.6
39,Ohio,20-24,747080.0,6.3
39,Ohio,20-29,1512929.0,12.8
39,Ohio,25-29,765849.0,6.5
39,Ohio,25-34,1558428.0,13.2
39,Ohio,30-34,792579.0,6.7
39,Ohio,30-39,1541413.0,13.1
39,Ohio,35-39,748834.0,6.3
39,Ohio,35-44,1478979.0,12.5
39,Ohio,40-44,730145.0,6.2
39,Ohio,40-49,1410890.0,11.9
39,Ohio,40-64,3699377.0,31.3
39,Ohio,45-49,680745.0,5.8
39,Ohio,45-54,1413881.0,12.0
39,Ohio,45-64,2969232.0,25.1
39,Ohio,50-54,733136.0,6.2
39,Ohio,50-59,1489202.0,12.6
39,Ohio,55-59,756066.0,6.4
39,Ohio,55-64,1555351.0,13.2
39,Ohio,60-64,799285.0,6.8
39,Ohio,60-69,1512119.0,12.8
39,Ohio,65+,2155577.0,18.3
39,Ohio,65-69,712834.0,6.0
39,Ohio,65-74,1291098.0,10.9
39,Ohio,70-74,578264.0,4.9
39,Ohio,70-79,952748.0,8.1
39,Ohio,75-79,374484.0,3.2
39,Ohio,75-84,619894.0,5.2
39,Ohio,80+,489995.0,4.1
39,Ohio,80-84,245410.0,2.1
39,Ohio,85+,244585.0,2.1
39,Ohio,All,11810293.0,100.0
40,Oklahoma,0-14,795422.0,19.7
40,Oklahoma,0-17,964881.0,24.0
40,Oklahoma,0-9,513832.0,12.8
40,Oklahoma,10-19,564290.0,14.0
40,Oklahoma,15+,3233212.0,80.3
40,Oklahoma,15-24,564407.0,14.0
40,Oklahoma,18+,3063753.0,76.0
40,Oklahoma,18-19,113241.0,2.8
40,Oklahoma,18-24,394948.0,9.8
40,Oklahoma,18-39,1209981.0,30.0
40,Oklahoma,18-44,1468307.0,36.4
40,Oklahoma,20-24,281707.0,7.0
40,Oklahoma,20-29,549931.0,13.7
40,Oklahoma,25-29,268224.0,6.7
40,Oklahoma,25-34,542784.0,13.5
40,Oklahoma,30-34,274560.0,6.8
40,Oklahoma,30-39,546809.0,13.6
40,Oklahoma,35-39,272249.0,6.8
40,Oklahoma,35-44,530575.0,13.2
40,Oklahoma,40-44,258326.0,6.4
40,Oklahoma,40-49,489022.0,12.1
40,Oklahoma,40-64,1196026.0,29.7
40,Oklahoma,45-49,230696.0,5.7
40,Oklahoma,45-54,459989.0,11.4
40,Oklahoma,45-64,937700.0,23.3
40,Oklahoma,50-54,229293.0,5.7
40,Oklahoma,50-59,458756.0,11.4
40,Oklahoma,55-59,229463.0,5.7
40,Oklahoma,55-64,477711.0,11.9
40,Oklahoma,60-64,248248.0,6.2
40,Oklahoma,60-69,462200.0,11.5
40,Oklahoma,65+,657746.0,16.3
40,Oklahoma,65-69,213952.0,5.3
40,Oklahoma,65-74,390790.0,9.7
40,Oklahoma,70-74,176838.0,4.4
40,Oklahoma,70-79,299691.0,7.4
40,Oklahoma,75-79,122853.0,3.0
40,Oklahoma,75-84,201456.0,5.0
40,Oklahoma,80+,144103.0,3.6
40,Oklahoma,80-84,78603.0,2.0
40,Oklahoma,85+,65500.0,1.6
40,Oklahoma,All,4028634.0,100.0
41,Oregon,0-14,692427.0,16.3
41,Oregon,0-17,847022.0,19.9
41,Oregon,0-9,438298.0,10.3
41,Oregon,10-19,510284.0,12.0
41,Oregon,15+,3561866.0,83.7
41,Oregon,15-24,517084.0,12.2
41,Oregon,18+,3407271.0,80.1
41,Oregon,18-19,101560.0,2.4
41,Oregon,18-24,362489.0,8.5
41,Oregon,18-39,1257817.0,29.6
41,Oregon,18-44,1555659.0,36.6
41,Oregon,20-24,260929.0,6.1
41,Oregon,20-29,545114.0,12.8
41,Oregon,25-29,284185.0,6.7
41,Oregon,25-34,595416.0,14.0
41,Oregon,30-34,311231.0,7.3
41,Oregon,30-39,611143.0,14.4
41,Oregon,35-39,299912.0,7.0
41,Oregon,35-44,597754.0,14.1
41,Oregon,40-44,297842.0,7.0
41,Oregon,40-49,560367.0,13.2
41,Oregon,40-64,1338602.0,31.5
41,Oregon,45-49,262525.0,6.2
41,Oregon,45-54,522000.0,12.3
41,Oregon,45-64,1040760.0,24.5
41,Oregon,50-54,259475.0,6.1
41,Oregon,50-59,508399.0,12.0
41,Oregon,55-59,248924.0,5.9
41,Oregon,55-64,518760.0,12.2
41,Oregon,60-64,269836.0,6.3
41,Oregon,60-69,528637.0,12.4
41,Oregon,65+,810852.0,19.1
41,Oregon,65-69,258801.0,6.1
41,Oregon,65-74,487956.0,11.5
41,Oregon,70-74,229155.0,5.4
41,Oregon,70-79,378091.0,8.9
41,Oregon,75-79,148936.0,3.5
41,Oregon,75-84,235474.0,5.5
41,Oregon,80+,173960.0,4.1
41,Oregon,80-84,86538.0,2.0
41,Oregon,85+,87422.0,2.1
41,Oregon,All,4254293.0,100.0
42,Pennsylvania,0-14,2179785.0,16.7
42,Pennsylvania,0-17,2661340.0,20.4
42,Pennsylvania,0-9,1404419.0,10.8
42,Pennsylvania,10-19,1620888.0,12.5
42,Pennsylvania,15+,10838854.0,83.3
42,Pennsylvania,15-24,1649157.0,12.7
42,Pennsylvania,18+,10357299.0,79.6
42,Pennsylvania,18-19,363967.0,2.8
42,Pennsylvania,18-24,1167602.0,9.0
42,Pennsylvania,18-39,3692389.0,28.4
42,Pennsylvania,18-44,4492749.0,34.5
42,Pennsylvania,20-24,803635.0,6.2
42,Pennsylvania,20-29,1616009.0,12.4
42,Pennsylvania,25-29,812374.0,6.2
42,Pennsylvania,25-34,1689136.0,13.0
42,Pennsylvania,30-34,876762.0,6.7
42,Pennsylvania,30-39,1712413.0,13.2
42,Pennsylvania,35-39,835651.0,6.4
42,Pennsylvania,35-44,1636011.0,12.6
42,Pennsylvania,40-44,800360.0,6.1
42,Pennsylvania,40-49,1538514.0,11.8
42,Pennsylvania,40-64,4129407.0,31.7
42,Pennsylvania,45-49,738154.0,5.7
42,Pennsylvania,45-54,1552713.0,11.9
42,Pennsylvania,45-64,3329047.0,25.6
42,Pennsylvania,50-54,814559.0,6.3
42,Pennsylvania,50-59,1677234.0,12.9
42,Pennsylvania,55-59,862675.0,6.6
42,Pennsylvania,55-64,1776334.0,13.6
42,Pennsylvania,60-64,913659.0,7.0
42,Pennsylvania,60-69,1728687.0,13.3
42,Pennsylvania,65+,2535503.0,19.5
42,Pennsylvania,65-69,815028.0,6.3
42,Pennsylvania,65-74,1482095.0,11.4
42,Pennsylvania,70-74,667067.0,5.1
42,Pennsylvania,70-79,1114988.0,8.6
42,Pennsylvania,75-79,447921.0,3.4
42,Pennsylvania,75-84,739877.0,5.7
42,Pennsylvania,80+,605487.0,4.7
42,Pennsylvania,80-84,291956.0,2.2
42,Pennsylvania,85+,313531.0,2.4
42,Pennsylvania,All,13018639.0,100.0
44,Rhode Island,0-14,169405.0,15.4
44,Rhode Island,0-17,207425.0,18.8
44,Rhode Island,0-9,110016.0,10.0
44,Rhode Island,10-19,132437.0,12.0
44,Rhode Island,15+,932396.0,84.6
44,Rhode Island,15-24,148595.0,13.5
44,Rhode Island,18+,894376.0,81.2
44,Rhode Island,18-19,35028.0,3.2
44,Rhode Island,18-24,110575.0,10.0
44,Rhode Island,18-39,335393.0,30.4
44,Rhode Island,18-44,403205.0,36.6
44,Rhode Island,20-24,75547.0,6.9
44,Rhode Island,20-29,148902.0,13.5
44,Rhode Island,25-29,73355.0,6.7
44,Rhode Island,25-34,152419.0,13.8
44,Rhode Island,30-34,79064.0,7.2
44,Rhode Island,30-39,151463.0,13.7
44,Rhode Island,35-39,72399.0,6.6
44,Rhode Island,35-44,140211.0,12.7
44,Rhode Island,40-44,67812.0,6.2
44,Rhode Island,40-49,129946.0,11.8
44,Rhode Island,40-64,352752.0,32.0
44,Rhode Island,45-49,62134.0,5.6
44,Rhode Island,45-54,131631.0,11.9
44,Rhode Island,45-64,284940.0,25.9
44,Rhode Island,50-54,69497.0,6.3
44,Rhode Island,50-59,143846.0,13.1
44,Rhode Island,55-59,74349.0,6.7
44,Rhode Island,55-64,153309.0,13.9
44,Rhode Island,60-64,78960.0,7.2
44,Rhode Island,60-69,146594.0,13.3
44,Rhode Island,65+,206231.0,18.7
44,Rhode Island,65-69,67634.0,6.1
44,Rhode Island,65-74,120726.0,11.0
44,Rhode Island,70-74,53092.0,4.8
44,Rhode Island,70-79,90626.0,8.2
44,Rhode Island,75-79,37534.0,3.4
44,Rhode Island,75-84,61242.0,5.6
44,Rhode Island,80+,47971.0,4.4
44,Rhode Island,80-84,23708.0,2.2
44,Rhode Island,85+,24263.0,2.2
44,Rhode Island,All,1101801.0,100.0
45,South Carolina,0-14,930681.0,17.6
45,South Carolina,0-17,1135421.0,21.4
45,South Carolina,0-9,601445.0,11.4
45,South Carolina,10-19,679425.0,12.8
45,South Carolina,15+,4365544.0,82.4
45,South Carolina,15-24,688466.0,13.0
45,South Carolina,18+,4160804.0,78.6
45,South Carolina,18-19,145449.0,2.7
45,South Carolina,18-24,483726.0,9.1
45,South Carolina,18-39,1496648.0,28.3
45,South Carolina,18-44,1826110.0,34.5
45,South Carolina,20-24,338277.0,6.4
45,South Carolina,20-29,667904.0,12.6
45,South Carolina,25-29,329627.0,6.2
45,South Carolina,25-34,680500.0,12.8
45,South Carolina,30-34,350873.0,6.6
45,South Carolina,30-39,683295.0,12.9
45,South Carolina,35-39,332422.0,6.3
45,South Carolina,35-44,661884.0,12.5
45,South Carolina,40-44,329462.0,6.2
45,South Carolina,40-49,638214.0,12.1
45,South Carolina,40-64,1664755.0,31.4
45,South Carolina,45-49,308752.0,5.8
45,South Carolina,45-54,637500.0,12.0
45,South Carolina,45-64,1335293.0,25.2
45,South Carolina,50-54,328748.0,6.2
45,South Carolina,50-59,660439.0,12.5
45,South Carolina,55-59,331691.0,6.3
45,South Carolina,55-64,697793.0,13.2
45,South Carolina,60-64,366102.0,6.9
45,South Carolina,60-69,692806.0,13.1
45,South Carolina,65+,999401.0,18.9
45,South Carolina,65-69,326704.0,6.2
45,South Carolina,65-74,606031.0,11.4
45,South Carolina,70-74,279327.0,5.3
45,South Carolina,70-79,469088.0,8.9
45,South Carolina,75-79,189761.0,3.6
45,South Carolina,75-84,299418.0,5.7
45,South Carolina,80+,203609.0,3.8
45,South Carolina,80-84,109657.0,2.1
45,South Carolina,85+,93952.0,1.8
45,South Carolina,All,5296225.0,100.0
46,South Dakota,0-14,181805.0,20.0
46,South Dakota,0-17,219743.0,24.2
46,South Dakota,0-9,118499.0,13.1
46,South Dakota,10-19,125788.0,13.9
46,South Dakota,15+,725623.0,80.0
46,South Dakota,15-24,121877.0,13.4
46,South Dakota,18+,687685.0,75.8
46,South Dakota,18-19,24544.0,2.7
46,South Dakota,18-24,83939.0,9.3
46,South Dakota,18-39,258341.0,28.5
46,South Dakota,18-44,312646.0,34.5
46,South Dakota,20-24,59395.0,6.5
46,South Dakota,20-29,116012.0,12.8
46,South Dakota,25-29,56617.0,6.2
46,South Dakota,25-34,114387.0,12.6
46,South Dakota,30-34,57770.0,6.4
46,South Dakota,30-39,117785.0,13.0
46,South Dakota,35-39,60015.0,6.6
46,South Dakota,35-44,114320.0,12.6
46,South Dakota,40-44,54305.0,6.0
46,South Dakota,40-49,102990.0,11.3
46,South Dakota,40-64,266033.0,29.3
46,South Dakota,45-49,48685.0,5.4
46,South Dakota,45-54,96999.0,10.7
46,South Dakota,45-64,211728.0,23.3
46,South Dakota,50-54,48314.0,5.3
46,South Dakota,50-59,101550.0,11.2
46,South Dakota,55-59,53236.0,5.9
46,South Dakota,55-64,114729.0,12.6
46,South Dakota,60-64,61493.0,6.8
46,South Dakota,60-69,116402.0,12.8
46,South Dakota,65+,163311.0,18.0
46,South Dakota,65-69,54909.0,6.1
46,South Dakota,65-74,99777.0,11.0
46,South Dakota,70-74,44868.0,4.9
46,South Dakota,70-79,71456.0,7.9
46,South Dakota,75-79,26588.0,2.9
46,South Dakota,75-84,44383.0,4.9
46,South Dakota,80+,36946.0,4.1
46,South Dakota,80-84,17795.0,2.0
46,South Dakota,85+,19151.0,2.1
46,South Dakota,All,907428.0,100.0
47,Tennessee,0-14,1288518.0,18.2
47,Tennessee,0-17,1566969.0,22.2
47,Tennessee,0-9,838766.0,11.9
47,Tennessee,10-19,899116.0,12.7
47,Tennessee,15+,5777865.0,81.8
47,Tennessee,15-24,907535.0,12.8
47,Tennessee,18+,5499414.0,77.8
47,Tennessee,18-19,170913.0,2.4
47,Tennessee,18-24,629084.0,8.9
47,Tennessee,18-39,2067194.0,29.3
47,Tennessee,18-44,2512988.0,35.6
47,Tennessee,20-24,458171.0,6.5
47,Tennessee,20-29,942401.0,13.3
47,Tennessee,25-29,484230.0,6.9
47,Tennessee,25-34,977398.0,13.8
47,Tennessee,30-34,493168.0,7.0
47,Tennessee,30-39,953880.0,13.5
47,Tennessee,35-39,460712.0,6.5
47,Tennessee,35-44,906506.0,12.8
47,Tennessee,40-44,445794.0,6.3
47,Tennessee,40-49,869789.0,12.3
47,Tennessee,40-64,2226273.0,31.5
47,Tennessee,45-49,423995.0,6.0
47,Tennessee,45-54,873240.0,12.4
47,Tennessee,45-64,1780479.0,25.2
47,Tennessee,50-54,449245.0,6.4
47,Tennessee,50-59,900093.0,12.7
47,Tennessee,55-59,450848.0,6.4
47,Tennessee,55-64,907239.0,12.8
47,Tennessee,60-64,456391.0,6.5
47,Tennessee,60-69,855875.0,12.1
47,Tennessee,65+,1205947.0,17.1
47,Tennessee,65-69,399484.0,5.7
47,Tennessee,65-74,729187.0,10.3
47,Tennessee,70-74,329703.0,4.7
47,Tennessee,70-79,555059.0,7.9
47,Tennessee,75-79,225356.0,3.2
47,Tennessee,75-84,362263.0,5.1
47,Tennessee,80+,251404.0,3.6
47,Tennessee,80-84,136907.0,1.9
47,Tennessee,85+,114497.0,1.6
47,Tennessee,All,7066383.0,100.0
48,Texas,0-14,6213959.0,20.6
48,Texas,0-17,7544648.0,25.0
48,Texas,0-9,4019626.0,13.3
48,Texas,10-19,4366755.0,14.5
48,Texas,15+,23974465.0,79.4
48,Texas,15-24,4256991.0,14.1
48,Texas,18+,22643776.0,75.0
48,Texas,18-19,841733.0,2.8
48,Texas,18-24,2926302.0,9.7
48,Texas,18-39,9449222.0,31.3
48,Texas,18-44,11543979.0,38.2
48,Texas,20-24,2084569.0,6.9
48,Texas,20-29,4231886.0,14.0
48,Texas,25-29,2147317.0,7.1
48,Texas,25-34,4366602.0,14.5
48,Texas,30-34,2219285.0,7.4
48,Texas,30-39,4375603.0,14.5
48,Texas,35-39,2156318.0,7.1
48,Texas,35-44,4251075.0,14.1
48,Texas,40-44,2094757.0,6.9
48,Texas,40-49,3979167.0,13.2
48,Texas,40-64,9138302.0,30.3
48,Texas,45-49,1884410.0,6.2
48,Texas,45-54,3701286.0,12.3
48,Texas,45-64,7043545.0,23.3
48,Texas,50-54,1816876.0,6.0
48,Texas,50-59,3509348.0,11.6
48,Texas,55-59,1692472.0,5.6
48,Texas,55-64,3342259.0,11.1
48,Texas,60-64,1649787.0,5.5
48,Texas,60-69,3032352.0,10.0
48,Texas,65+,4056252.0,13.4
48,Texas,65-69,1382565.0,4.6
48,Texas,65-74,2479193.0,8.2
48,Texas,70-74,1096628.0,3.6
48,Texas,70-79,1823181.0,6.0
48,Texas,75-79,726553.0,2.4
48,Texas,75-84,1168854.0,3.9
48,Texas,80+,850506.0,2.8
48,Texas,80-84,442301.0,1.5
48,Texas,85+,408205.0,1.4
48,Texas,All,30188424.0,100.0
49,Utah,0-14,770800.0,22.7
49,Utah,0-17,942989.0,27.8
49,Utah,0-9,496493.0,14.6
49,Utah,10-19,553649.0,16.3
49,Utah,15+,2621531.0,77.3
49,Utah,15-24,566638.0,16.7
49,Utah,18+,2449342.0,72.2
49,Utah,18-19,107153.0,3.2
49,Utah,18-24,394449.0,11.6
49,Utah,18-39,1132834.0,33.4
49,Utah,18-44,1363972.0,40.2
49,Utah,20-24,287296.0,8.5
49,Utah,20-29,548781.0,16.2
49,Utah,25-29,261485.0,7.7
49,Utah,25-34,502936.0,14.8
49,Utah,30-34,241451.0,7.1
49,Utah,30-39,476900.0,14.1
49,Utah,35-39,235449.0,6.9
49,Utah,35-44,466587.0,13.8
49,Utah,40-44,231138.0,6.8
49,Utah,40-49,432007.0,12.7
49,Utah,40-64,914192.0,26.9
49,Utah,45-49,200869.0,5.9
49,Utah,45-54,372758.0,11.0
49,Utah,45-64,683054.0,20.1
49,Utah,50-54,171889.0,5.1
49,Utah,50-59,327481.0,9.7
49,Utah,55-59,155592.0,4.6
49,Utah,55-64,310296.0,9.1
49,Utah,60-64,154704.0,4.6
49,Utah,60-69,292159.0,8.6
49,Utah,65+,402316.0,11.9
49,Utah,65-69,137455.0,4.1
49,Utah,65-74,246643.0,7.3
49,Utah,70-74,109188.0,3.2
49,Utah,70-79,180689.0,5.3
49,Utah,75-79,71501.0,2.1
49,Utah,75-84,116395.0,3.4
49,Utah,80+,84172.0,2.5
49,Utah,80-84,44894.0,1.3
49,Utah,85+,39278.0,1.2
49,Utah,All,3392331.0,100.0
50,Vermont,0-14,93871.0,14.5
50,Vermont,0-17,115986.0,17.9
50,Vermont,0-9,58752.0,9.1
50,Vermont,10-19,78336.0,12.1
50,Vermont,15+,553235.0,85.5
50,Vermont,15-24,86807.0,13.4
50,Vermont,18+,531120.0,82.1
50,Vermont,18-19,21102.0,3.3
50,Vermont,18-24,64692.0,10.0
50,Vermont,18-39,182723.0,28.2
50,Vermont,18-44,221007.0,34.2
50,Vermont,20-24,43590.0,6.7
50,Vermont,20-29,81144.0,12.5
50,Vermont,25-29,37554.0,5.8
50,Vermont,25-34,76719.0,11.9
50,Vermont,30-34,39165.0,6.1
50,Vermont,30-39,80477.0,12.4
50,Vermont,35-39,41312.0,6.4
50,Vermont,35-44,79596.0,12.3
50,Vermont,40-44,38284.0,5.9
50,Vermont,40-49,74785.0,11.6
50,Vermont,40-64,209718.0,32.4
50,Vermont,45-49,36501.0,5.6
50,Vermont,45-54,77367.0,12.0
50,Vermont,45-64,171434.0,26.5
50,Vermont,50-54,40866.0,6.3
50,Vermont,50-59,84231.0,13.0
50,Vermont,55-59,43365.0,6.7
50,Vermont,55-64,94067.0,14.5
50,Vermont,60-64,50702.0,7.8
50,Vermont,60-69,96318.0,14.9
50,Vermont,65+,138679.0,21.4
50,Vermont,65-69,45616.0,7.0
50,Vermont,65-74,83943.0,13.0
50,Vermont,70-74,38327.0,5.9
50,Vermont,70-79,62817.0,9.7
50,Vermont,75-79,24490.0,3.8
50,Vermont,75-84,40763.0,6.3
50,Vermont,80+,30246.0,4.7
50,Vermont,80-84,16273.0,2.5
50,Vermont,85+,13973.0,2.2
50,Vermont,All,647106.0,100.0
51,Virginia,0-14,1556162.0,17.9
51,Virginia,0-17,1890833.0,21.7
51,Virginia,0-9,1008366.0,11.6
51,Virginia,10-19,1120959.0,12.9
51,Virginia,15+,7149008.0,82.1
51,Virginia,15-24,1141330.0,13.1
51,Virginia,18+,6814337.0,78.3
51,Virginia,18-19,238492.0,2.7
51,Virginia,18-24,806659.0,9.3
51,Virginia,18-39,2581661.0,29.7
51,Virginia,18-44,3161863.0,36.3
51,Virginia,20-24,568167.0,6.5
51,Virginia,20-29,1142742.0,13.1
51,Virginia,25-29,574575.0,6.6
51,Virginia,25-34,1173927.0,13.5
51,Virginia,30-34,599352.0,6.9
51,Virginia,30-39,1200427.0,13.8
51,Virginia,35-39,601075.0,6.9
51,Virginia,35-44,1181277.0,13.6
51,Virginia,40-44,580202.0,6.7
51,Virginia,40-49,1111670.0,12.8
51,Virginia,40-64,2778933.0,31.9
51,Virginia,45-49,531468.0,6.1
51,Virginia,45-54,1084566.0,12.5
51,Virginia,45-64,2198731.0,25.3
51,Virginia,50-54,553098.0,6.4
51,Virginia,50-59,1114172.0,12.8
51,Virginia,55-59,561074.0,6.4
51,Virginia,55-64,1114165.0,12.8
51,Virginia,60-64,553091.0,6.4
51,Virginia,60-69,1028459.0,11.8
51,Virginia,65+,1453743.0,16.7
51,Virginia,65-69,475368.0,5.5
51,Virginia,65-74,861272.0,9.9
51,Virginia,70-74,385904.0,4.4
51,Virginia,70-79,661666.0,7.6
51,Virginia,75-79,275762.0,3.2
51,Virginia,75-84,442686.0,5.1
51,Virginia,80+,316709.0,3.6
51,Virginia,80-84,166924.0,1.9
51,Virginia,85+,149785.0,1.7
51,Virginia,All,8705170.0,100.0
53,Washington,0-14,1381640.0,17.7
53,Washington,0-17,1671227.0,21.4
53,Washington,0-9,901151.0,11.5
53,Washington,10-19,948538.0,12.1
53,Washington,15+,6434476.0,82.3
53,Washington,15-24,950085.0,12.2
53,Washington,18+,6144889.0,78.6
53,Washington,18-19,178462.0,2.3
53,Washington,18-24,660498.0,8.5
53,Washington,18-39,2430260.0,31.1
53,Washington,18-44,2969086.0,38.0
53,Washington,20-24,482036.0,6.2
53,Washington,20-29,1049349.0,13.4
53,Washington,25-29,567313.0,7.3
53,Washington,25-34,1188178.0,15.2
53,Washington,30-34,620865.0,7.9
53,Washington,30-39,1202449.0,15.4
53,Washington,35-39,581584.0,7.4
53,Washington,35-44,1120410.0,14.3
53,Washington,40-44,538826.0,6.9
53,Washington,40-49,1004961.0,12.9
53,Washington,40-64,2415444.0,30.9
53,Washington,45-49,466135.0,6.0
53,Washington,45-54,936511.0,12.0
53,Washington,45-64,1876618.0,24.0
53,Washington,50-54,470376.0,6.0
53,Washington,50-59,923470.0,11.8
53,Washington,55-59,453094.0,5.8
53,Washington,55-64,940107.0,12.0
53,Washington,60-64,487013.0,6.2
53,Washington,60-69,917987.0,11.7
53,Washington,65+,1299185.0,16.6
53,Washington,65-69,430974.0,5.5
53,Washington,65-74,788312.0,10.1
53,Washington,70-74,357338.0,4.6
53,Washington,70-79,590079.0,7.5
53,Washington,75-79,232741.0,3.0
53,Washington,75-84,372342.0,4.8
53,Washington,80+,278132.0,3.6
53,Washington,80-84,139601.0,1.8
53,Washington,85+,138531.0,1.8
53,Washington,All,7816116.0,100.0
54,West Virginia,0-14,290163.0,16.3
54,West Virginia,0-17,355999.0,20.0
54,West Virginia,0-9,183286.0,10.3
54,West Virginia,10-19,217346.0,12.2
54,West Virginia,15+,1488210.0,83.7
54,West Virginia,15-24,221888.0,12.5
54,West Virginia,18+,1422374.0,80.0
54,West Virginia,18-19,44633.0,2.5
54,West Virginia,18-24,156052.0,8.8
54,West Virginia,18-39,471473.0,26.5
54,West Virginia,18-44,581747.0,32.7
54,West Virginia,20-24,111419.0,6.3
54,West Virginia,20-29,216397.0,12.2
54,West Virginia,25-29,104978.0,5.9
54,West Virginia,25-34,212704.0,12.0
54,West Virginia,30-34,107726.0,6.1
54,West Virginia,30-39,210443.0,11.8
54,West Virginia,35-39,102717.0,5.8
54,West Virginia,35-44,212991.0,12.0
54,West Virginia,40-44,110274.0,6.2
54,West Virginia,40-49,219006.0,12.3
54,West Virginia,40-64,576809.0,32.4
54,West Virginia,45-49,108732.0,6.1
54,West Virginia,45-54,223980.0,12.6
54,West Virginia,45-64,466535.0,26.2
54,West Virginia,50-54,115248.0,6.5
54,West Virginia,50-59,232010.0,13.0
54,West Virginia,55-59,116762.0,6.6
54,West Virginia,55-64,242555.0,13.6
54,West Virginia,60-64,125793.0,7.1
54,West Virginia,60-69,245720.0,13.8
54,West Virginia,65+,374092.0,21.0
54,West Virginia,65-69,119927.0,6.7
54,West Virginia,65-74,223868.0,12.6
54,West Virginia,70-74,103941.0,5.8
54,West Virginia,70-79,173361.0,9.7
54,West Virginia,75-79,69420.0,3.9
54,West Virginia,75-84,113504.0,6.4
54,West Virginia,80+,80804.0,4.5
54,West Virginia,80-84,44084.0,2.5
54,West Virginia,85+,36720.0,2.1
54,West Virginia,All,1778373.0,100.0
55,Wisconsin,0-14,1031216.0,17.4
55,Wisconsin,0-17,1264546.0,21.4
55,Wisconsin,0-9,662714.0,11.2
55,Wisconsin,10-19,758187.0,12.8
55,Wisconsin,15+,4883656.0,82.6
55,Wisconsin,15-24,783683.0,13.2
55,Wisconsin,18+,4650326.0,78.6
55,Wisconsin,18-19,156355.0,2.6
55,Wisconsin,18-24,550353.0,9.3
55,Wisconsin,18-39,1675893.0,28.3
55,Wisconsin,18-44,2041918.0,34.5
55,Wisconsin,20-24,393998.0,6.7
55,Wisconsin,20-29,765482.0,12.9
55,Wisconsin,25-29,371484.0,6.3
55,Wisconsin,25-34,742639.0,12.6
55,Wisconsin,30-34,371155.0,6.3
55,Wisconsin,30-39,754056.0,12.7
55,Wisconsin,35-39,382901.0,6.5
55,Wisconsin,35-44,748926.0,12.7
55,Wisconsin,40-44,366025.0,6.2
55,Wisconsin,40-49,702705.0,11.9
55,Wisconsin,40-64,1878390.0,31.8
55,Wisconsin,45-49,336680.0,5.7
55,Wisconsin,45-54,696444.0,11.8
55,Wisconsin,45-64,1512365.0,25.6
55,Wisconsin,50-54,359764.0,6.1
55,Wisconsin,50-59,757629.0,12.8
55,Wisconsin,55-59,397865.0,6.7
55,Wisconsin,55-64,815921.0,13.8
55,Wisconsin,60-64,418056.0,7.1
55,Wisconsin,60-69,780615.0,13.2
55,Wisconsin,65+,1096043.0,18.5
55,Wisconsin,65-69,362559.0,6.1
55,Wisconsin,65-74,661664.0,11.2
55,Wisconsin,70-74,299105.0,5.1
55,Wisconsin,70-79,485814.0,8.2
55,Wisconsin,75-79,186709.0,3.2
55,Wisconsin,75-84,309920.0,5.2
55,Wisconsin,80+,247670.0,4.2
55,Wisconsin,80-84,123211.0,2.1
55,Wisconsin,85+,124459.0,2.1
55,Wisconsin,All,5914872.0,100.0
56,Wyoming,0-14,107033.0,18.4
56,Wyoming,0-17,131267.0,22.5
56,Wyoming,0-9,67496.0,11.6
56,Wyoming,10-19,79193.0,13.6
56,Wyoming,15+,475364.0,81.6
56,Wyoming,15-24,76579.0,13.1
56,Wyoming,18+,451130.0,77.5
56,Wyoming,18-19,15422.0,2.6
56,Wyoming,18-24,52345.0,9.0
56,Wyoming,18-39,166792.0,28.6
56,Wyoming,18-44,204395.0,35.1
56,Wyoming,20-24,36923.0,6.3
56,Wyoming,20-29,72288.0,12.4
56,Wyoming,25-29,35365.0,6.1
56,Wyoming,25-34,73710.0,12.7
56,Wyoming,30-34,38345.0,6.6
56,Wyoming,30-39,79082.0,13.6
56,Wyoming,35-39,40737.0,7.0
56,Wyoming,35-44,78340.0,13.5
56,Wyoming,40-44,37603.0,6.5
56,Wyoming,40-49,70504.0,12.1
56,Wyoming,40-64,176476.0,30.3
56,Wyoming,45-49,32901.0,5.6
56,Wyoming,45-54,65193.0,11.2
56,Wyoming,45-64,138873.0,23.8
56,Wyoming,50-54,32292.0,5.5
56,Wyoming,50-59,67080.0,11.5
56,Wyoming,55-59,34788.0,6.0
56,Wyoming,55-64,73680.0,12.7
56,Wyoming,60-64,38892.0,6.7
56,Wyoming,60-69,75979.0,13.0
56,Wyoming,65+,107862.0,18.5
56,Wyoming,65-69,37087.0,6.4
56,Wyoming,65-74,67091.0,11.5
56,Wyoming,70-74,30004.0,5.2
56,Wyoming,70-79,48834.0,8.4
56,Wyoming,75-79,18830.0,3.2
56,Wyoming,75-84,30578.0,5.3
56,Wyoming,80+,21941.0,3.8
56,Wyoming,80-84,11748.0,2.0
56,Wyoming,85+,10193.0,1.8
56,Wyoming,All,582397.0,100.0
72,Puerto Rico,0-14,408705.0,12.6
72,Puerto Rico,0-17,521389.0,16.1
72,Puerto Rico,0-9,236042.0,7.3
72,Puerto Rico,10-19,364228.0,11.3
72,Puerto Rico,15+,2825604.0,87.4
72,Puerto Rico,15-24,404428.0,12.5
72,Puerto Rico,18+,2712920.0,83.9
72,Puerto Rico,18-19,78881.0,2.4
72,Puerto Rico,18-24,291744.0,9.0
72,Puerto Rico,18-39,903625.0,27.9
72,Puerto Rico,18-44,1106016.0,34.2
72,Puerto Rico,20-24,212863.0,6.6
72,Puerto Rico,20-29,433955.0,13.4
72,Puerto Rico,25-29,221092.0,6.8
72,Puerto Rico,25-34,430715.0,13.3
72,Puerto Rico,30-34,209623.0,6.5
72,Puerto Rico,30-39,390789.0,12.1
72,Puerto Rico,35-39,181166.0,5.6
72,Puerto Rico,35-44,383557.0,11.9
72,Puerto Rico,40-44,202391.0,6.3
72,Puerto Rico,40-49,403754.0,12.5
72,Puerto Rico,40-64,1051209.0,32.5
72,Puerto Rico,45-49,201363.0,6.2
72,Puerto Rico,45-54,410971.0,12.7
72,Puerto Rico,45-64,848818.0,26.2
72,Puerto Rico,50-54,209608.0,6.5
72,Puerto Rico,50-59,423240.0,13.1
72,Puerto Rico,55-59,213632.0,6.6
72,Puerto Rico,55-64,437847.0,13.5
72,Puerto Rico,60-64,224215.0,6.9
72,Puerto Rico,60-69,424995.0,13.1
72,Puerto Rico,65+,758086.0,23.4
72,Puerto Rico,65-69,200780.0,6.2
72,Puerto Rico,65-74,384645.0,11.9
72,Puerto Rico,70-74,183865.0,5.7
72,Puerto Rico,70-79,346407.0,10.7
72,Puerto Rico,75-79,162542.0,5.0
72,Puerto Rico,75-84,273151.0,8.4
72,Puerto Rico,80+,210899.0,6.5
72,Puerto Rico,80-84,110609.0,3.4
72,Puerto Rico,85+,100290.0,3.1
72,Puerto Rico,All,3234309.0,100.0
