state_fips,state_name,population,race_category_id,population_pct,race_and_ethnicity
01,Alabama,23557.0,AIAN,0.5,Indigenous
01,Alabama,101516.0,AIAN_API,2.0,"American Indian, Alaska Native, Asian & Pacific Islander"
01,Alabama,13274.0,AIAN_NH,0.3,Indigenous (NH)
01,Alabama,5086768.0,ALL,100.0,All
01,Alabama,75602.0,API_NH,1.5,"Asian, Native Hawaiian, and Pacific Islander (NH)"
01,Alabama,74435.0,ASIAN,1.5,Asian
01,Alabama,73353.0,ASIAN_NH,1.4,Asian (NH)
01,Alabama,1311062.0,BLACK,25.8,Black or African American
01,Alabama,1302911.0,BLACK_NH,25.6,Black or African American (NH)
01,Alabama,284135.0,HISP,5.6,Hispanic or Latino
01,Alabama,270559.0,MULTI,5.3,Two or more races
01,Alabama,168133.0,MULTI_NH,3.3,Two or more races (NH)
01,Alabama,389930.0,MULTI_OR_OTHER_STANDARD,7.7,Two or more races & Unrepresented race
01,Alabama,185986.0,MULTI_OR_OTHER_STANDARD_NH,3.7,Two or more races & Unrepresented race (NH)
01,Alabama,4802633.0,NH,94.4,Not Hispanic or Latino
01,Alabama,3524.0,NHPI,0.1,Native Hawaiian and Pacific Islander
01,Alabama,2249.0,NHPI_NH,0.04,Native Hawaiian and Pacific Islander (NH)
01,Alabama,119371.0,OTHER_STANDARD,2.3,Unrepresented race
01,Alabama,17853.0,OTHER_STANDARD_NH,0.4,Unrepresented race (NH)
01,Alabama,3284260.0,WHITE,64.6,White
01,Alabama,3224860.0,WHITE_NH,63.4,White (NH)
02,Alaska,99576.0,AIAN,13.5,Indigenous
02,Alaska,158487.0,AIAN_API,21.5,"American Indian, Alaska Native, Asian & Pacific Islander"
02,Alaska,97047.0,AIAN_NH,13.2,Indigenous (NH)
02,Alaska,735706.0,ALL,100.0,All
02,Alaska,58002.0,API_NH,7.9,"Asian, Native Hawaiian, and Pacific Islander (NH)"
02,Alaska,47423.0,ASIAN,6.4,Asian
02,Alaska,46719.0,ASIAN_NH,6.4,Asian (NH)
02,Alaska,22071.0,BLACK,3.0,Black or African American
02,Alaska,21172.0,BLACK_NH,2.9,Black or African American (NH)
02,Alaska,53803.0,HISP,7.3,Hispanic or Latino
02,Alaska,99890.0,MULTI,13.6,Two or more races
02,Alaska,75659.0,MULTI_NH,10.3,Two or more races (NH)
02,Alaska,116970.0,MULTI_OR_OTHER_STANDARD,15.9,Two or more races & Unrepresented race
02,Alaska,81098.0,MULTI_OR_OTHER_STANDARD_NH,11.0,Two or more races & Unrepresented race (NH)
02,Alaska,681903.0,NH,92.7,Not Hispanic or Latino
02,Alaska,11488.0,NHPI,1.6,Native Hawaiian and Pacific Islander
02,Alaska,11283.0,NHPI_NH,1.5,Native Hawaiian and Pacific Islander (NH)
02,Alaska,17080.0,OTHER_STANDARD,2.3,Unrepresented race
02,Alaska,5439.0,OTHER_STANDARD_NH,0.7,Unrepresented race (NH)
02,Alaska,438178.0,WHITE,59.6,White
02,Alaska,424584.0,WHITE_NH,57.7,White (NH)
04,Arizona,294139.0,AIAN,4.0,Indigenous
04,Arizona,572552.0,AIAN_API,7.8,"American Indian, Alaska Native, Asian & Pacific Islander"
04,Arizona,237195.0,AIAN_NH,3.2,Indigenous (NH)
04,Arizona,7378838.0,ALL,100.0,All
04,Arizona,268668.0,API_NH,3.6,"Asian, Native Hawaiian, and Pacific Islander (NH)"
04,Arizona,264019.0,ASIAN,3.6,Asian
04,Arizona,256161.0,ASIAN_NH,3.5,Asian (NH)
04,Arizona,339563.0,BLACK,4.6,Black or African American
04,Arizona,322321.0,BLACK_NH,4.4,Black or African American (NH)
04,Arizona,2313806.0,HISP,31.4,Hispanic or Latino
04,Arizona,1441985.0,MULTI,19.5,Two or more races
04,Arizona,323308.0,MULTI_NH,4.4,Two or more races (NH)
04,Arizona,2112844.0,MULTI_OR_OTHER_STANDARD,28.6,Two or more races & Unrepresented race
04,Arizona,357254.0,MULTI_OR_OTHER_STANDARD_NH,4.8,Two or more races & Unrepresented race (NH)
04,Arizona,5065032.0,NH,68.6,Not Hispanic or Latino
04,Arizona,14394.0,NHPI,0.2,Native Hawaiian and Pacific Islander
04,Arizona,12507.0,NHPI_NH,0.2,Native Hawaiian and Pacific Islander (NH)
04,Arizona,670859.0,OTHER_STANDARD,9.1,Unrepresented race
04,Arizona,33946.0,OTHER_STANDARD_NH,0.5,Unrepresented race (NH)
04,Arizona,4353879.0,WHITE,59.0,White
04,Arizona,3879594.0,WHITE_NH,52.6,White (NH)
05,Arkansas,17036.0,AIAN,0.6,Indigenous
05,Arkansas,78981.0,AIAN_API,2.6,"American Indian, Alaska Native, Asian & Pacific Islander"
05,Arkansas,10473.0,AIAN_NH,0.3,Indigenous (NH)
05,Arkansas,3049391.0,ALL,100.0,All
05,Arkansas,60932.0,API_NH,2.0,"Asian, Native Hawaiian, and Pacific Islander (NH)"
05,Arkansas,49686.0,ASIAN,1.6,Asian
05,Arkansas,48748.0,ASIAN_NH,1.6,Asian (NH)
05,Arkansas,448673.0,BLACK,14.7,Black or African American
05,Arkansas,446603.0,BLACK_NH,14.6,Black or African American (NH)
05,Arkansas,275571.0,HISP,9.0,Hispanic or Latino
05,Arkansas,315183.0,MULTI,10.3,Two or more races
05,Arkansas,191722.0,MULTI_NH,6.3,Two or more races (NH)
05,Arkansas,413141.0,MULTI_OR_OTHER_STANDARD,13.5,Two or more races & Unrepresented race
05,Arkansas,200764.0,MULTI_OR_OTHER_STANDARD_NH,6.6,Two or more races & Unrepresented race (NH)
05,Arkansas,2773820.0,NH,91.0,Not Hispanic or Latino
05,Arkansas,12259.0,NHPI,0.4,Native Hawaiian and Pacific Islander
05,Arkansas,12184.0,NHPI_NH,0.4,Native Hawaiian and Pacific Islander (NH)
05,Arkansas,97958.0,OTHER_STANDARD,3.2,Unrepresented race
05,Arkansas,9042.0,OTHER_STANDARD_NH,0.3,Unrepresented race (NH)
05,Arkansas,2108596.0,WHITE,69.1,White
05,Arkansas,2055048.0,WHITE_NH,67.4,White (NH)
06,California,498657.0,AIAN,1.3,Indigenous
06,California,6747527.0,AIAN_API,17.2,"American Indian, Alaska Native, Asian & Pacific Islander"
06,California,102530.0,AIAN_NH,0.3,Indigenous (NH)
06,California,39287377.0,ALL,100.0,All
06,California,6139082.0,API_NH,15.6,"Asian, Native Hawaiian, and Pacific Islander (NH)"
06,California,6100560.0,ASIAN,15.5,Asian
06,California,6007197.0,ASIAN_NH,15.3,Asian (NH)
06,California,2134516.0,BLACK,5.4,Black or African American
06,California,2040095.0,BLACK_NH,5.2,Black or African American (NH)
06,California,15778963.0,HISP,40.2,Hispanic or Latino
06,California,7536798.0,MULTI,19.2,Two or more races
06,California,1718181.0,MULTI_NH,4.4,Two or more races (NH)
06,California,14800581.0,MULTI_OR_OTHER_STANDARD,37.7,Two or more races & Unrepresented race
06,California,1959265.0,MULTI_OR_OTHER_STANDARD_NH,5.0,Two or more races & Unrepresented race (NH)
06,California,23508414.0,NH,59.8,Not Hispanic or Latino
06,California,148310.0,NHPI,0.4,Native Hawaiian and Pacific Islander
06,California,131885.0,NHPI_NH,0.3,Native Hawaiian and Pacific Islander (NH)
06,California,7263783.0,OTHER_STANDARD,18.5,Unrepresented race
06,California,241084.0,OTHER_STANDARD_NH,0.6,Unrepresented race (NH)
06,California,15604753.0,WHITE,39.7,White
06,California,13267442.0,WHITE_NH,33.8,White (NH)
08,Colorado,61616.0,AIAN,1.1,Indigenous
08,Colorado,263200.0,AIAN_API,4.5,"American Indian, Alaska Native, Asian & Pacific Islander"
08,Colorado,21296.0,AIAN_NH,0.4,Indigenous (NH)
08,Colorado,5862189.0,ALL,100.0,All
08,Colorado,196288.0,API_NH,3.3,"Asian, Native Hawaiian, and Pacific Islander (NH)"
08,Colorado,192697.0,ASIAN,3.3,Asian
08,Colorado,188583.0,ASIAN_NH,3.2,Asian (NH)
08,Colorado,237409.0,BLACK,4.0,Black or African American
08,Colorado,224141.0,BLACK_NH,3.8,Black or African American (NH)
08,Colorado,1320937.0,HISP,22.5,Hispanic or Latino
08,Colorado,873228.0,MULTI,14.9,Two or more races
08,Colorado,270138.0,MULTI_NH,4.6,Two or more races (NH)
08,Colorado,1227820.0,MULTI_OR_OTHER_STANDARD,20.9,Two or more races & Unrepresented race
08,Colorado,301615.0,MULTI_OR_OTHER_STANDARD_NH,5.1,Two or more races & Unrepresented race (NH)
08,Colorado,4541252.0,NH,77.5,Not Hispanic or Latino
08,Colorado,8887.0,NHPI,0.2,Native Hawaiian and Pacific Islander
08,Colorado,7705.0,NHPI_NH,0.1,Native Hawaiian and Pacific Islander (NH)
08,Colorado,354592.0,OTHER_STANDARD,6.0,Unrepresented race
08,Colorado,31477.0,OTHER_STANDARD_NH,0.5,Unrepresented race (NH)
08,Colorado,4133760.0,WHITE,70.5,White
08,Colorado,3797912.0,WHITE_NH,64.8,White (NH)
09,Connecticut,11578.0,AIAN,0.3,Indigenous
09,Connecticut,187944.0,AIAN_API,5.2,"American Indian, Alaska Native, Asian & Pacific Islander"
09,Connecticut,3158.0,AIAN_NH,0.1,Indigenous (NH)
09,Connecticut,3624508.0,ALL,100.0,All
09,Connecticut,173026.0,API_NH,4.8,"Asian, Native Hawaiian, and Pacific Islander (NH)"
09,Connecticut,174560.0,ASIAN,4.8,Asian
09,Connecticut,172094.0,ASIAN_NH,4.7,Asian (NH)
09,Connecticut,384165.0,BLACK,10.6,Black or African American
09,Connecticut,356149.0,BLACK_NH,9.8,Black or African American (NH)
09,Connecticut,662511.0,HISP,18.3,Hispanic or Latino
09,Connecticut,411737.0,MULTI,11.4,Two or more races
09,Connecticut,155752.0,MULTI_NH,4.3,Two or more races (NH)
09,Connecticut,691101.0,MULTI_OR_OTHER_STANDARD,19.1,Two or more races & Unrepresented race
09,Connecticut,186945.0,MULTI_OR_OTHER_STANDARD_NH,5.2,Two or more races & Unrepresented race (NH)
09,Connecticut,2961997.0,NH,81.7,Not Hispanic or Latino
09,Connecticut,1806.0,NHPI,0.05,Native Hawaiian and Pacific Islander
09,Connecticut,932.0,NHPI_NH,0.03,Native Hawaiian and Pacific Islander (NH)
09,Connecticut,279364.0,OTHER_STANDARD,7.7,Unrepresented race
09,Connecticut,31193.0,OTHER_STANDARD_NH,0.9,Unrepresented race (NH)
09,Connecticut,2361298.0,WHITE,65.1,White
09,Connecticut,2242719.0,WHITE_NH,61.9,White (NH)
10,Delaware,4012.0,AIAN,0.4,Indigenous
10,Delaware,48118.0,AIAN_API,4.7,"American Indian, Alaska Native, Asian & Pacific Islander"
10,Delaware,1237.0,AIAN_NH,0.1,Indigenous (NH)
10,Delaware,1021191.0,ALL,100.0,All
10,Delaware,43856.0,API_NH,4.3,"Asian, Native Hawaiian, and Pacific Islander (NH)"
10,Delaware,43748.0,ASIAN,4.3,Asian
10,Delaware,43639.0,ASIAN_NH,4.3,Asian (NH)
10,Delaware,223830.0,BLACK,21.9,Black or African American
10,Delaware,218269.0,BLACK_NH,21.4,Black or African American (NH)
10,Delaware,112835.0,HISP,11.0,Hispanic or Latino
10,Delaware,90177.0,MULTI,8.8,Two or more races
10,Delaware,46338.0,MULTI_NH,4.5,Two or more races (NH)
10,Delaware,137422.0,MULTI_OR_OTHER_STANDARD,13.5,Two or more races & Unrepresented race
10,Delaware,51502.0,MULTI_OR_OTHER_STANDARD_NH,5.0,Two or more races & Unrepresented race (NH)
10,Delaware,908356.0,NH,89.0,Not Hispanic or Latino
10,Delaware,358.0,NHPI,0.04,Native Hawaiian and Pacific Islander
10,Delaware,217.0,NHPI_NH,0.02,Native Hawaiian and Pacific Islander (NH)
10,Delaware,47245.0,OTHER_STANDARD,4.6,Unrepresented race
10,Delaware,5164.0,OTHER_STANDARD_NH,0.5,Unrepresented race (NH)
10,Delaware,611821.0,WHITE,59.9,White
10,Delaware,593492.0,WHITE_NH,58.1,White (NH)
11,District of Columbia,2528.0,AIAN,0.4,Indigenous
11,District of Columbia,32612.0,AIAN_API,4.8,"American Indian, Alaska Native, Asian & Pacific Islander"
11,District of Columbia,677.0,AIAN_NH,0.1,Indigenous (NH)
11,District of Columbia,681294.0,ALL,100.0,All
11,District of Columbia,29555.0,API_NH,4.3,"Asian, Native Hawaiian, and Pacific Islander (NH)"
11,District of Columbia,29748.0,ASIAN,4.4,Asian
11,District of Columbia,29294.0,ASIAN_NH,4.3,Asian (NH)
11,District of Columbia,286997.0,BLACK,42.1,Black or African American
11,District of Columbia,283502.0,BLACK_NH,41.6,Black or African American (NH)
11,District of Columbia,81152.0,HISP,11.9,Hispanic or Latino
11,District of Columbia,65651.0,MULTI,9.6,Two or more races
11,District of Columbia,33273.0,MULTI_NH,4.9,Two or more races (NH)
11,District of Columbia,103635.0,MULTI_OR_OTHER_STANDARD,15.2,Two or more races & Unrepresented race
11,District of Columbia,38016.0,MULTI_OR_OTHER_STANDARD_NH,5.6,Two or more races & Unrepresented race (NH)
11,District of Columbia,600142.0,NH,88.1,Not Hispanic or Latino
11,District of Columbia,336.0,NHPI,0.05,Native Hawaiian and Pacific Islander
11,District of Columbia,261.0,NHPI_NH,0.04,Native Hawaiian and Pacific Islander (NH)
11,District of Columbia,37984.0,OTHER_STANDARD,5.6,Unrepresented race
11,District of Columbia,4743.0,OTHER_STANDARD_NH,0.7,Unrepresented race (NH)
11,District of Columbia,258050.0,WHITE,37.9,White
11,District of Columbia,248392.0,WHITE_NH,36.5,White (NH)
12,Florida,77288.0,AIAN,0.3,Indigenous
12,Florida,747407.0,AIAN_API,3.3,"American Indian, Alaska Native, Asian & Pacific Islander"
12,Florida,21329.0,AIAN_NH,0.1,Indigenous (NH)
12,Florida,22416077.0,ALL,100.0,All
12,Florida,653539.0,API_NH,2.9,"Asian, Native Hawaiian, and Pacific Islander (NH)"
12,Florida,656903.0,ASIAN,2.9,Asian
12,Florida,642245.0,ASIAN_NH,2.9,Asian (NH)
12,Florida,3382877.0,BLACK,15.1,Black or African American
12,Florida,3279677.0,BLACK_NH,14.6,Black or African American (NH)
12,Florida,6146161.0,HISP,27.4,Hispanic or Latino
12,Florida,4339825.0,MULTI,19.4,Two or more races
12,Florida,857688.0,MULTI_NH,3.8,Two or more races (NH)
12,Florida,5756779.0,MULTI_OR_OTHER_STANDARD,25.7,Two or more races & Unrepresented race
12,Florida,1013279.0,MULTI_OR_OTHER_STANDARD_NH,4.5,Two or more races & Unrepresented race (NH)
12,Florida,16269916.0,NH,72.6,Not Hispanic or Latino
12,Florida,13216.0,NHPI,0.1,Native Hawaiian and Pacific Islander
12,Florida,11294.0,NHPI_NH,0.1,Native Hawaiian and Pacific Islander (NH)
12,Florida,1416954.0,OTHER_STANDARD,6.3,Unrepresented race
12,Florida,155591.0,OTHER_STANDARD_NH,0.7,Unrepresented race (NH)
12,Florida,12529014.0,WHITE,55.9,White
12,Florida,11302092.0,WHITE_NH,50.4,White (NH)
13,Georgia,44547.0,AIAN,0.4,Indigenous
13,Georgia,547469.0,AIAN_API,5.0,"American Indian, Alaska Native, Asian & Pacific Islander"
13,Georgia,9940.0,AIAN_NH,0.1,Indigenous (NH)
13,Georgia,10940407.0,ALL,100.0,All
13,Georgia,497326.0,API_NH,4.5,"Asian, Native Hawaiian, and Pacific Islander (NH)"
13,Georgia,495388.0,ASIAN,4.5,Asian
13,Georgia,491422.0,ASIAN_NH,4.5,Asian (NH)
13,Georgia,3401114.0,BLACK,31.1,Black or African American
13,Georgia,3362270.0,BLACK_NH,30.7,Black or African American (NH)
13,Georgia,1204616.0,HISP,11.0,Hispanic or Latino
13,Georgia,913399.0,MULTI,8.3,Two or more races
13,Georgia,428936.0,MULTI_NH,3.9,Two or more races (NH)
13,Georgia,1417691.0,MULTI_OR_OTHER_STANDARD,13.0,Two or more races & Unrepresented race
13,Georgia,492305.0,MULTI_OR_OTHER_STANDARD_NH,4.5,Two or more races & Unrepresented race (NH)
13,Georgia,9735791.0,NH,89.0,Not Hispanic or Latino
13,Georgia,7534.0,NHPI,0.1,Native Hawaiian and Pacific Islander
13,Georgia,5904.0,NHPI_NH,0.1,Native Hawaiian and Pacific Islander (NH)
13,Georgia,504292.0,OTHER_STANDARD,4.6,Unrepresented race
13,Georgia,63369.0,OTHER_STANDARD_NH,0.6,Unrepresented race (NH)
13,Georgia,5574133.0,WHITE,50.9,White
13,Georgia,5373950.0,WHITE_NH,49.1,White (NH)
15,Hawaii,3662.0,AIAN,0.3,Indigenous
15,Hawaii,683164.0,AIAN_API,47.3,"American Indian, Alaska Native, Asian & Pacific Islander"
15,Hawaii,1532.0,AIAN_NH,0.1,Indigenous (NH)
15,Hawaii,1445235.0,ALL,100.0,All
15,Hawaii,663544.0,API_NH,45.9,"Asian, Native Hawaiian, and Pacific Islander (NH)"
15,Hawaii,533801.0,ASIAN,36.9,Asian
15,Hawaii,525952.0,ASIAN_NH,36.4,Asian (NH)
15,Hawaii,27320.0,BLACK,1.9,Black or African American
15,Hawaii,25507.0,BLACK_NH,1.8,Black or African American (NH)
15,Hawaii,143591.0,HISP,9.9,Hispanic or Latino
15,Hawaii,390652.0,MULTI,27.0,Two or more races
15,Hawaii,303248.0,MULTI_NH,21.0,Two or more races (NH)
15,Hawaii,415381.0,MULTI_OR_OTHER_STANDARD,28.7,Two or more races & Unrepresented race
15,Hawaii,308702.0,MULTI_OR_OTHER_STANDARD_NH,21.4,Two or more races & Unrepresented race (NH)
15,Hawaii,1301644.0,NH,90.1,Not Hispanic or Latino
15,Hawaii,145701.0,NHPI,10.1,Native Hawaiian and Pacific Islander
15,Hawaii,137592.0,NHPI_NH,9.5,Native Hawaiian and Pacific Islander (NH)
15,Hawaii,24729.0,OTHER_STANDARD,1.7,Unrepresented race
15,Hawaii,5454.0,OTHER_STANDARD_NH,0.4,Unrepresented race (NH)
15,Hawaii,319370.0,WHITE,22.1,White
15,Hawaii,302359.0,WHITE_NH,20.9,White (NH)
16,Idaho,22338.0,AIAN,1.2,Indigenous
16,Idaho,52003.0,AIAN_API,2.7,"American Indian, Alaska Native, Asian & Pacific Islander"
16,Idaho,13715.0,AIAN_NH,0.7,Indigenous (NH)
16,Idaho,1934262.0,ALL,100.0,All
16,Idaho,28797.0,API_NH,1.5,"Asian, Native Hawaiian, and Pacific Islander (NH)"
16,Idaho,26432.0,ASIAN,1.4,Asian
16,Idaho,25914.0,ASIAN_NH,1.3,Asian (NH)
16,Idaho,14937.0,BLACK,0.8,Black or African American
16,Idaho,13888.0,BLACK_NH,0.7,Black or African American (NH)
16,Idaho,263935.0,HISP,13.6,Hispanic or Latino
16,Idaho,188204.0,MULTI,9.7,Two or more races
16,Idaho,82060.0,MULTI_NH,4.2,Two or more races (NH)
16,Idaho,287415.0,MULTI_OR_OTHER_STANDARD,14.9,Two or more races & Unrepresented race
16,Idaho,94503.0,MULTI_OR_OTHER_STANDARD_NH,4.9,Two or more races & Unrepresented race (NH)
16,Idaho,1670327.0,NH,86.4,Not Hispanic or Latino
16,Idaho,3233.0,NHPI,0.2,Native Hawaiian and Pacific Islander
16,Idaho,2883.0,NHPI_NH,0.1,Native Hawaiian and Pacific Islander (NH)
16,Idaho,99211.0,OTHER_STANDARD,5.1,Unrepresented race
16,Idaho,12443.0,OTHER_STANDARD_NH,0.6,Unrepresented race (NH)
16,Idaho,1579907.0,WHITE,81.7,White
16,Idaho,1519424.0,WHITE_NH,78.6,White (NH)
17,Illinois,81090.0,AIAN,0.6,Indigenous
17,Illinois,848399.0,AIAN_API,6.7,"American Indian, Alaska Native, Asian & Pacific Islander"
17,Illinois,9555.0,AIAN_NH,0.1,Indigenous (NH)
17,Illinois,12694798.0,ALL,100.0,All
17,Illinois,756967.0,API_NH,6.0,"Asian, Native Hawaiian, and Pacific Islander (NH)"
17,Illinois,762007.0,ASIAN,6.0,Asian
17,Illinois,754004.0,ASIAN_NH,5.9,Asian (NH)
17,Illinois,1723233.0,BLACK,13.6,Black or African American
17,Illinois,1693169.0,BLACK_NH,13.3,Black or African American (NH)
17,Illinois,2387049.0,HISP,18.8,Hispanic or Latino
17,Illinois,1381017.0,MULTI,10.9,Two or more races
17,Illinois,430025.0,MULTI_NH,3.4,Two or more races (NH)
17,Illinois,2380186.0,MULTI_OR_OTHER_STANDARD,18.7,Two or more races & Unrepresented race
17,Illinois,477393.0,MULTI_OR_OTHER_STANDARD_NH,3.8,Two or more races & Unrepresented race (NH)
17,Illinois,10307749.0,NH,81.2,Not Hispanic or Latino
17,Illinois,5302.0,NHPI,0.04,Native Hawaiian and Pacific Islander
17,Illinois,2963.0,NHPI_NH,0.02,Native Hawaiian and Pacific Islander (NH)
17,Illinois,999169.0,OTHER_STANDARD,7.9,Unrepresented race
17,Illinois,47368.0,OTHER_STANDARD_NH,0.4,Unrepresented race (NH)
17,Illinois,7742980.0,WHITE,61.0,White
17,Illinois,7370665.0,WHITE_NH,58.1,White (NH)
18,Indiana,21757.0,AIAN,0.3,Indigenous
18,Indiana,204357.0,AIAN_API,3.0,"American Indian, Alaska Native, Asian & Pacific Islander"
18,Indiana,4317.0,AIAN_NH,0.1,Indigenous (NH)
18,Indiana,6851073.0,ALL,100.0,All
18,Indiana,180750.0,API_NH,2.6,"Asian, Native Hawaiian, and Pacific Islander (NH)"
18,Indiana,180134.0,ASIAN,2.6,Asian
18,Indiana,178579.0,ASIAN_NH,2.6,Asian (NH)
18,Indiana,630831.0,BLACK,9.2,Black or African American
18,Indiana,622085.0,BLACK_NH,9.1,Black or African American (NH)
18,Indiana,590348.0,HISP,8.6,Hispanic or Latino
18,Indiana,499963.0,MULTI,7.3,Two or more races
18,Indiana,259563.0,MULTI_NH,3.8,Two or more races (NH)
18,Indiana,732046.0,MULTI_OR_OTHER_STANDARD,10.7,Two or more races & Unrepresented race
18,Indiana,289390.0,MULTI_OR_OTHER_STANDARD_NH,4.2,Two or more races & Unrepresented race (NH)
18,Indiana,6260725.0,NH,91.4,Not Hispanic or Latino
18,Indiana,2466.0,NHPI,0.04,Native Hawaiian and Pacific Islander
18,Indiana,2171.0,NHPI_NH,0.03,Native Hawaiian and Pacific Islander (NH)
18,Indiana,232083.0,OTHER_STANDARD,3.4,Unrepresented race
18,Indiana,29827.0,OTHER_STANDARD_NH,0.4,Unrepresented race (NH)
18,Indiana,5283839.0,WHITE,77.1,White
18,Indiana,5164183.0,WHITE_NH,75.4,White (NH)
19,Iowa,11281.0,AIAN,0.4,Indigenous
19,Iowa,96999.0,AIAN_API,3.0,"American Indian, Alaska Native, Asian & Pacific Islander"
19,Iowa,5239.0,AIAN_NH,0.2,Indigenous (NH)
19,Iowa,3210507.0,ALL,100.0,All
19,Iowa,84877.0,API_NH,2.6,"Asian, Native Hawaiian, and Pacific Islander (NH)"
19,Iowa,79943.0,ASIAN,2.5,Asian
19,Iowa,79174.0,ASIAN_NH,2.5,Asian (NH)
19,Iowa,124520.0,BLACK,3.9,Black or African American
19,Iowa,121705.0,BLACK_NH,3.8,Black or African American (NH)
19,Iowa,233706.0,HISP,7.3,Hispanic or Latino
19,Iowa,210829.0,MULTI,6.6,Two or more races
19,Iowa,113040.0,MULTI_NH,3.5,Two or more races (NH)
19,Iowa,287390.0,MULTI_OR_OTHER_STANDARD,9.0,Two or more races & Unrepresented race
19,Iowa,122334.0,MULTI_OR_OTHER_STANDARD_NH,3.8,Two or more races & Unrepresented race (NH)
19,Iowa,2976801.0,NH,92.7,Not Hispanic or Latino
19,Iowa,5775.0,NHPI,0.2,Native Hawaiian and Pacific Islander
19,Iowa,5703.0,NHPI_NH,0.2,Native Hawaiian and Pacific Islander (NH)
19,Iowa,76561.0,OTHER_STANDARD,2.4,Unrepresented race
19,Iowa,9294.0,OTHER_STANDARD_NH,0.3,Unrepresented race (NH)
19,Iowa,2701598.0,WHITE,84.1,White
19,Iowa,2642646.0,WHITE_NH,82.3,White (NH)
20,Kansas,23131.0,AIAN,0.8,Indigenous
20,Kansas,112938.0,AIAN_API,3.8,"American Indian, Alaska Native, Asian & Pacific Islander"
20,Kansas,11797.0,AIAN_NH,0.4,Indigenous (NH)
20,Kansas,2947197.0,ALL,100.0,All
20,Kansas,87938.0,API_NH,3.0,"Asian, Native Hawaiian, and Pacific Islander (NH)"
20,Kansas,86924.0,ASIAN,2.9,Asian
20,Kansas,85432.0,ASIAN_NH,2.9,Asian (NH)
20,Kansas,156891.0,BLACK,5.3,Black or African American
20,Kansas,151797.0,BLACK_NH,5.2,Black or African American (NH)
20,Kansas,400018.0,HISP,13.6,Hispanic or Latino
20,Kansas,312798.0,MULTI,10.6,Two or more races
20,Kansas,140321.0,MULTI_NH,4.8,Two or more races (NH)
20,Kansas,436985.0,MULTI_OR_OTHER_STANDARD,14.8,Two or more races & Unrepresented race
20,Kansas,152313.0,MULTI_OR_OTHER_STANDARD_NH,5.2,Two or more races & Unrepresented race (NH)
20,Kansas,2547179.0,NH,86.4,Not Hispanic or Latino
20,Kansas,2883.0,NHPI,0.1,Native Hawaiian and Pacific Islander
20,Kansas,2506.0,NHPI_NH,0.1,Native Hawaiian and Pacific Islander (NH)
20,Kansas,124187.0,OTHER_STANDARD,4.2,Unrepresented race
20,Kansas,11992.0,OTHER_STANDARD_NH,0.4,Unrepresented race (NH)
20,Kansas,2240383.0,WHITE,76.0,White
20,Kansas,2143334.0,WHITE_NH,72.7,White (NH)
21,Kentucky,8890.0,AIAN,0.2,Indigenous
21,Kentucky,85696.0,AIAN_API,1.9,"American Indian, Alaska Native, Asian & Pacific Islander"
21,Kentucky,3746.0,AIAN_NH,0.1,Indigenous (NH)
21,Kentucky,4534824.0,ALL,100.0,All
21,Kentucky,75597.0,API_NH,1.7,"Asian, Native Hawaiian, and Pacific Islander (NH)"
21,Kentucky,73255.0,ASIAN,1.6,Asian
21,Kentucky,72372.0,ASIAN_NH,1.6,Asian (NH)
21,Kentucky,346828.0,BLACK,7.6,Black or African American
21,Kentucky,342570.0,BLACK_NH,7.6,Black or African American (NH)
21,Kentucky,226744.0,HISP,5.0,Hispanic or Latino
21,Kentucky,281184.0,MULTI,6.2,Two or more races
21,Kentucky,174686.0,MULTI_NH,3.9,Two or more races (NH)
21,Kentucky,356946.0,MULTI_OR_OTHER_STANDARD,7.9,Two or more races & Unrepresented race
21,Kentucky,188080.0,MULTI_OR_OTHER_STANDARD_NH,4.1,Two or more races & Unrepresented race (NH)
21,Kentucky,4308080.0,NH,95.0,Not Hispanic or Latino
21,Kentucky,3551.0,NHPI,0.1,Native Hawaiian and Pacific Islander
21,Kentucky,3225.0,NHPI_NH,0.1,Native Hawaiian and Pacific Islander (NH)
21,Kentucky,75762.0,OTHER_STANDARD,1.7,Unrepresented race
21,Kentucky,13394.0,OTHER_STANDARD_NH,0.3,Unrepresented race (NH)
21,Kentucky,3745354.0,WHITE,82.6,White
21,Kentucky,3698087.0,WHITE_NH,81.5,White (NH)
22,Louisiana,28369.0,AIAN,0.6,Indigenous
22,Louisiana,111488.0,AIAN_API,2.4,"American Indian, Alaska Native, Asian & Pacific Islander"
22,Louisiana,18291.0,AIAN_NH,0.4,Indigenous (NH)
22,Louisiana,4611961.0,ALL,100.0,All
22,Louisiana,81673.0,API_NH,1.8,"Asian, Native Hawaiian, and Pacific Islander (NH)"
22,Louisiana,80052.0,ASIAN,1.7,Asian
22,Louisiana,78910.0,ASIAN_NH,1.7,Asian (NH)
22,Louisiana,1417851.0,BLACK,30.7,Black or African American
22,Louisiana,1407844.0,BLACK_NH,30.5,Black or African American (NH)
22,Louisiana,332716.0,HISP,7.2,Hispanic or Latino
22,Louisiana,341170.0,MULTI,7.4,Two or more races
22,Louisiana,177435.0,MULTI_NH,3.8,Two or more races (NH)
22,Louisiana,456770.0,MULTI_OR_OTHER_STANDARD,9.9,Two or more races & Unrepresented race
22,Louisiana,200898.0,MULTI_OR_OTHER_STANDARD_NH,4.4,Two or more races & Unrepresented race (NH)
22,Louisiana,4279245.0,NH,92.8,Not Hispanic or Latino
22,Louisiana,3067.0,NHPI,0.1,Native Hawaiian and Pacific Islander
22,Louisiana,2763.0,NHPI_NH,0.1,Native Hawaiian and Pacific Islander (NH)
22,Louisiana,115600.0,OTHER_STANDARD,2.5,Unrepresented race
22,Louisiana,23463.0,OTHER_STANDARD_NH,0.5,Unrepresented race (NH)
22,Louisiana,2625852.0,WHITE,56.9,White
22,Louisiana,2570539.0,WHITE_NH,55.7,White (NH)
23,Maine,5831.0,AIAN,0.4,Indigenous
23,Maine,22214.0,AIAN_API,1.6,"American Indian, Alaska Native, Asian & Pacific Islander"
23,Maine,4746.0,AIAN_NH,0.3,Indigenous (NH)
23,Maine,1387817.0,ALL,100.0,All
23,Maine,16209.0,API_NH,1.2,"Asian, Native Hawaiian, and Pacific Islander (NH)"
23,Maine,16006.0,ASIAN,1.2,Asian
23,Maine,15854.0,ASIAN_NH,1.1,Asian (NH)
23,Maine,25427.0,BLACK,1.8,Black or African American
23,Maine,24846.0,BLACK_NH,1.8,Black or African American (NH)
23,Maine,30266.0,HISP,2.2,Hispanic or Latino
23,Maine,73727.0,MULTI,5.3,Two or more races
23,Maine,58891.0,MULTI_NH,4.2,Two or more races (NH)
23,Maine,84288.0,MULTI_OR_OTHER_STANDARD,6.1,Two or more races & Unrepresented race
23,Maine,63945.0,MULTI_OR_OTHER_STANDARD_NH,4.6,Two or more races & Unrepresented race (NH)
23,Maine,1357551.0,NH,97.8,Not Hispanic or Latino
23,Maine,377.0,NHPI,0.03,Native Hawaiian and Pacific Islander
23,Maine,355.0,NHPI_NH,0.03,Native Hawaiian and Pacific Islander (NH)
23,Maine,10561.0,OTHER_STANDARD,0.8,Unrepresented race
23,Maine,5054.0,OTHER_STANDARD_NH,0.4,Unrepresented race (NH)
23,Maine,1255888.0,WHITE,90.5,White
23,Maine,1247805.0,WHITE_NH,89.9,White (NH)
24,Maryland,25736.0,AIAN,0.4,Indigenous
24,Maryland,437024.0,AIAN_API,7.0,"American Indian, Alaska Native, Asian & Pacific Islander"
24,Maryland,6943.0,AIAN_NH,0.1,Indigenous (NH)
24,Maryland,6206011.0,ALL,100.0,All
24,Maryland,408104.0,API_NH,6.6,"Asian, Native Hawaiian, and Pacific Islander (NH)"
24,Maryland,408580.0,ASIAN,6.6,Asian
24,Maryland,406030.0,ASIAN_NH,6.5,Asian (NH)
24,Maryland,1822132.0,BLACK,29.4,Black or African American
24,Maryland,1796433.0,BLACK_NH,28.9,Black or African American (NH)
24,Maryland,774946.0,HISP,12.5,Hispanic or Latino
24,Maryland,528261.0,MULTI,8.5,Two or more races
24,Maryland,287249.0,MULTI_NH,4.6,Two or more races (NH)
24,Maryland,957951.0,MULTI_OR_OTHER_STANDARD,15.4,Two or more races & Unrepresented race
24,Maryland,328629.0,MULTI_OR_OTHER_STANDARD_NH,5.3,Two or more races & Unrepresented race (NH)
24,Maryland,5431065.0,NH,87.5,Not Hispanic or Latino
24,Maryland,2708.0,NHPI,0.04,Native Hawaiian and Pacific Islander
24,Maryland,2074.0,NHPI_NH,0.03,Native Hawaiian and Pacific Islander (NH)
24,Maryland,429690.0,OTHER_STANDARD,6.9,Unrepresented race
24,Maryland,41380.0,OTHER_STANDARD_NH,0.7,Unrepresented race (NH)
24,Maryland,2988904.0,WHITE,48.2,White
24,Maryland,2890956.0,WHITE_NH,46.6,White (NH)
25,Massachusetts,17027.0,AIAN,0.2,Indigenous
25,Massachusetts,533797.0,AIAN_API,7.6,"American Indian, Alaska Native, Asian & Pacific Islander"
25,Massachusetts,5405.0,AIAN_NH,0.1,Indigenous (NH)
25,Massachusetts,7044056.0,ALL,100.0,All
25,Massachusetts,512534.0,API_NH,7.3,"Asian, Native Hawaiian, and Pacific Islander (NH)"
25,Massachusetts,514481.0,ASIAN,7.3,Asian
25,Massachusetts,510868.0,ASIAN_NH,7.3,Asian (NH)
25,Massachusetts,481930.0,BLACK,6.8,Black or African American
25,Massachusetts,450251.0,BLACK_NH,6.4,Black or African American (NH)
25,Massachusetts,936853.0,HISP,13.3,Hispanic or Latino
25,Massachusetts,781343.0,MULTI,11.1,Two or more races
25,Massachusetts,359946.0,MULTI_NH,5.1,Two or more races (NH)
25,Massachusetts,1193055.0,MULTI_OR_OTHER_STANDARD,16.9,Two or more races & Unrepresented race
25,Massachusetts,447622.0,MULTI_OR_OTHER_STANDARD_NH,6.4,Two or more races & Unrepresented race (NH)
25,Massachusetts,6107203.0,NH,86.7,Not Hispanic or Latino
25,Massachusetts,2289.0,NHPI,0.03,Native Hawaiian and Pacific Islander
25,Massachusetts,1666.0,NHPI_NH,0.02,Native Hawaiian and Pacific Islander (NH)
25,Massachusetts,411712.0,OTHER_STANDARD,5.8,Unrepresented race
25,Massachusetts,87676.0,OTHER_STANDARD_NH,1.2,Unrepresented race (NH)
25,Massachusetts,4835274.0,WHITE,68.6,White
25,Massachusetts,4691391.0,WHITE_NH,66.6,White (NH)
26,Michigan,45929.0,AIAN,0.5,Indigenous
26,Michigan,394378.0,AIAN_API,3.9,"American Indian, Alaska Native, Asian & Pacific Islander"
26,Michigan,30921.0,AIAN_NH,0.3,Indigenous (NH)
26,Michigan,10077761.0,ALL,100.0,All
26,Michigan,345650.0,API_NH,3.4,"Asian, Native Hawaiian, and Pacific Islander (NH)"
26,Michigan,345417.0,ASIAN,3.4,Asian
26,Michigan,343096.0,ASIAN_NH,3.4,Asian (NH)
26,Michigan,1337239.0,BLACK,13.3,Black or African American
26,Michigan,1321347.0,BLACK_NH,13.1,Black or African American (NH)
26,Michigan,592045.0,HISP,5.9,Hispanic or Latino
26,Michigan,720067.0,MULTI,7.1,Two or more races
26,Michigan,450474.0,MULTI_NH,4.5,Two or more races (NH)
26,Michigan,914639.0,MULTI_OR_OTHER_STANDARD,9.1,Two or more races & Unrepresented race
26,Michigan,496167.0,MULTI_OR_OTHER_STANDARD_NH,4.9,Two or more races & Unrepresented race (NH)
26,Michigan,9485716.0,NH,94.1,Not Hispanic or Latino
26,Michigan,3032.0,NHPI,0.03,Native Hawaiian and Pacific Islander
26,Michigan,2554.0,NHPI_NH,0.03,Native Hawaiian and Pacific Islander (NH)
26,Michigan,194572.0,OTHER_STANDARD,1.9,Unrepresented race
26,Michigan,45693.0,OTHER_STANDARD_NH,0.5,Unrepresented race (NH)
26,Michigan,7431505.0,WHITE,73.7,White
26,Michigan,7291631.0,WHITE_NH,72.4,White (NH)
27,Minnesota,51624.0,AIAN,0.9,Indigenous
27,Minnesota,347642.0,AIAN_API,6.1,"American Indian, Alaska Native, Asian & Pacific Islander"
27,Minnesota,40904.0,AIAN_NH,0.7,Indigenous (NH)
27,Minnesota,5739445.0,ALL,100.0,All
27,Minnesota,294199.0,API_NH,5.1,"Asian, Native Hawaiian, and Pacific Islander (NH)"
27,Minnesota,293512.0,ASIAN,5.1,Asian
27,Minnesota,292015.0,ASIAN_NH,5.1,Asian (NH)
27,Minnesota,402812.0,BLACK,7.0,Black or African American
27,Minnesota,398881.0,BLACK_NH,6.9,Black or African American (NH)
27,Minnesota,365831.0,HISP,6.4,Hispanic or Latino
27,Minnesota,400351.0,MULTI,7.0,Two or more races
27,Minnesota,256339.0,MULTI_NH,4.5,Two or more races (NH)
27,Minnesota,564223.0,MULTI_OR_OTHER_STANDARD,9.8,Two or more races & Unrepresented race
27,Minnesota,284257.0,MULTI_OR_OTHER_STANDARD_NH,5.0,Two or more races & Unrepresented race (NH)
27,Minnesota,5373614.0,NH,93.6,Not Hispanic or Latino
27,Minnesota,2506.0,NHPI,0.04,Native Hawaiian and Pacific Islander
27,Minnesota,2184.0,NHPI_NH,0.04,Native Hawaiian and Pacific Islander (NH)
27,Minnesota,163872.0,OTHER_STANDARD,2.9,Unrepresented race
27,Minnesota,27918.0,OTHER_STANDARD_NH,0.5,Unrepresented race (NH)
27,Minnesota,4424768.0,WHITE,77.1,White
27,Minnesota,4355373.0,WHITE_NH,75.9,White (NH)
28,Mississippi,14113.0,AIAN,0.5,Indigenous
28,Mississippi,45408.0,AIAN_API,1.5,"American Indian, Alaska Native, Asian & Pacific Islander"
28,Mississippi,11402.0,AIAN_NH,0.4,Indigenous (NH)
28,Mississippi,2946779.0,ALL,100.0,All
28,Mississippi,30622.0,API_NH,1.0,"Asian, Native Hawaiian, and Pacific Islander (NH)"
28,Mississippi,29907.0,ASIAN,1.0,Asian
28,Mississippi,29512.0,ASIAN_NH,1.0,Asian (NH)
28,Mississippi,1072849.0,BLACK,36.4,Black or African American
28,Mississippi,1070561.0,BLACK_NH,36.3,Black or African American (NH)
28,Mississippi,109956.0,HISP,3.7,Hispanic or Latino
28,Mississippi,128713.0,MULTI,4.4,Two or more races
28,Mississippi,87500.0,MULTI_NH,3.0,Two or more races (NH)
28,Mississippi,184006.0,MULTI_OR_OTHER_STANDARD,6.2,Two or more races & Unrepresented race
28,Mississippi,97800.0,MULTI_OR_OTHER_STANDARD_NH,3.3,Two or more races & Unrepresented race (NH)
28,Mississippi,2836823.0,NH,96.3,Not Hispanic or Latino
28,Mississippi,1388.0,NHPI,0.05,Native Hawaiian and Pacific Islander
28,Mississippi,1110.0,NHPI_NH,0.04,Native Hawaiian and Pacific Islander (NH)
28,Mississippi,55293.0,OTHER_STANDARD,1.9,Unrepresented race
28,Mississippi,10300.0,OTHER_STANDARD_NH,0.3,Unrepresented race (NH)
28,Mississippi,1644516.0,WHITE,55.8,White
28,Mississippi,1626438.0,WHITE_NH,55.2,White (NH)
29,Missouri,17594.0,AIAN,0.3,Indigenous
29,Missouri,158715.0,AIAN_API,2.6,"American Indian, Alaska Native, Asian & Pacific Islander"
29,Missouri,10568.0,AIAN_NH,0.2,Indigenous (NH)
29,Missouri,6191814.0,ALL,100.0,All
29,Missouri,139264.0,API_NH,2.2,"Asian, Native Hawaiian, and Pacific Islander (NH)"
29,Missouri,132185.0,ASIAN,2.1,Asian
29,Missouri,130842.0,ASIAN_NH,2.1,Asian (NH)
29,Missouri,679534.0,BLACK,11.0,Black or African American
29,Missouri,673780.0,BLACK_NH,10.9,Black or African American (NH)
29,Missouri,324379.0,HISP,5.2,Hispanic or Latino
29,Missouri,439836.0,MULTI,7.1,Two or more races
29,Missouri,295220.0,MULTI_NH,4.8,Two or more races (NH)
29,Missouri,554423.0,MULTI_OR_OTHER_STANDARD,9.0,Two or more races & Unrepresented race
29,Missouri,320158.0,MULTI_OR_OTHER_STANDARD_NH,5.2,Two or more races & Unrepresented race (NH)
29,Missouri,5867435.0,NH,94.8,Not Hispanic or Latino
29,Missouri,8936.0,NHPI,0.1,Native Hawaiian and Pacific Islander
29,Missouri,8422.0,NHPI_NH,0.1,Native Hawaiian and Pacific Islander (NH)
29,Missouri,114587.0,OTHER_STANDARD,1.9,Unrepresented race
29,Missouri,24938.0,OTHER_STANDARD_NH,0.4,Unrepresented race (NH)
29,Missouri,4799142.0,WHITE,77.5,White
29,Missouri,4723665.0,WHITE_NH,76.3,White (NH)
30,Montana,62358.0,AIAN,5.6,Indigenous
30,Montana,72012.0,AIAN_API,6.4,"American Indian, Alaska Native, Asian & Pacific Islander"
30,Montana,59723.0,AIAN_NH,5.3,Indigenous (NH)
30,Montana,1116875.0,ALL,100.0,All
30,Montana,9265.0,API_NH,0.8,"Asian, Native Hawaiian, and Pacific Islander (NH)"
30,Montana,9119.0,ASIAN,0.8,Asian
30,Montana,8812.0,ASIAN_NH,0.8,Asian (NH)
30,Montana,5058.0,BLACK,0.5,Black or African American
30,Montana,4532.0,BLACK_NH,0.4,Black or African American (NH)
30,Montana,50932.0,HISP,4.6,Hispanic or Latino
30,Montana,76012.0,MULTI,6.8,Two or more races
30,Montana,52900.0,MULTI_NH,4.7,Two or more races (NH)
30,Montana,90696.0,MULTI_OR_OTHER_STANDARD,8.1,Two or more races & Unrepresented race
30,Montana,58813.0,MULTI_OR_OTHER_STANDARD_NH,5.3,Two or more races & Unrepresented race (NH)
30,Montana,1065943.0,NH,95.4,Not Hispanic or Latino
30,Montana,535.0,NHPI,0.05,Native Hawaiian and Pacific Islander
30,Montana,453.0,NHPI_NH,0.04,Native Hawaiian and Pacific Islander (NH)
30,Montana,14684.0,OTHER_STANDARD,1.3,Unrepresented race
30,Montana,5913.0,OTHER_STANDARD_NH,0.5,Unrepresented race (NH)
30,Montana,949109.0,WHITE,85.0,White
30,Montana,933610.0,WHITE_NH,83.6,White (NH)
31,Nebraska,20618.0,AIAN,1.0,Indigenous
31,Nebraska,72658.0,AIAN_API,3.7,"American Indian, Alaska Native, Asian & Pacific Islander"
31,Nebraska,11301.0,AIAN_NH,0.6,Indigenous (NH)
31,Nebraska,1978707.0,ALL,100.0,All
31,Nebraska,51442.0,API_NH,2.6,"Asian, Native Hawaiian, and Pacific Islander (NH)"
31,Nebraska,50997.0,ASIAN,2.6,Asian
31,Nebraska,50564.0,ASIAN_NH,2.6,Asian (NH)
31,Nebraska,94131.0,BLACK,4.8,Black or African American
31,Nebraska,90861.0,BLACK_NH,4.6,Black or African American (NH)
31,Nebraska,252023.0,HISP,12.7,Hispanic or Latino
31,Nebraska,179420.0,MULTI,9.1,Two or more races
31,Nebraska,76059.0,MULTI_NH,3.8,Two or more races (NH)
31,Nebraska,271106.0,MULTI_OR_OTHER_STANDARD,13.7,Two or more races & Unrepresented race
31,Nebraska,83152.0,MULTI_OR_OTHER_STANDARD_NH,4.2,Two or more races & Unrepresented race (NH)
31,Nebraska,1726684.0,NH,87.3,Not Hispanic or Latino
31,Nebraska,1043.0,NHPI,0.1,Native Hawaiian and Pacific Islander
31,Nebraska,878.0,NHPI_NH,0.04,Native Hawaiian and Pacific Islander (NH)
31,Nebraska,91686.0,OTHER_STANDARD,4.6,Unrepresented race
31,Nebraska,7093.0,OTHER_STANDARD_NH,0.4,Unrepresented race (NH)
31,Nebraska,1540812.0,WHITE,77.9,White
31,Nebraska,1489928.0,WHITE_NH,75.3,White (NH)
32,Nevada,43836.0,AIAN,1.4,Indigenous
32,Nevada,352588.0,AIAN_API,11.1,"American Indian, Alaska Native, Asian & Pacific Islander"
32,Nevada,18446.0,AIAN_NH,0.6,Indigenous (NH)
32,Nevada,3184612.0,ALL,100.0,All
32,Nevada,300132.0,API_NH,9.4,"Asian, Native Hawaiian, and Pacific Islander (NH)"
32,Nevada,285355.0,ASIAN,9.0,Asian
32,Nevada,278694.0,ASIAN_NH,8.8,Asian (NH)
32,Nevada,298068.0,BLACK,9.4,Black or African American
32,Nevada,285857.0,BLACK_NH,9.0,Black or African American (NH)
32,Nevada,943569.0,HISP,29.6,Hispanic or Latino
32,Nevada,549200.0,MULTI,17.2,Two or more races
32,Nevada,189914.0,MULTI_NH,6.0,Two or more races (NH)
32,Nevada,947320.0,MULTI_OR_OTHER_STANDARD,29.7,Two or more races & Unrepresented race
32,Nevada,210363.0,MULTI_OR_OTHER_STANDARD_NH,6.6,Two or more races & Unrepresented race (NH)
32,Nevada,2241043.0,NH,70.4,Not Hispanic or Latino
32,Nevada,23397.0,NHPI,0.7,Native Hawaiian and Pacific Islander
32,Nevada,21438.0,NHPI_NH,0.7,Native Hawaiian and Pacific Islander (NH)
32,Nevada,398120.0,OTHER_STANDARD,12.5,Unrepresented race
32,Nevada,20449.0,OTHER_STANDARD_NH,0.6,Unrepresented race (NH)
32,Nevada,1586636.0,WHITE,49.8,White
32,Nevada,1426245.0,WHITE_NH,44.8,White (NH)
33,New Hampshire,1960.0,AIAN,0.1,Indigenous
33,New Hampshire,38153.0,AIAN_API,2.7,"American Indian, Alaska Native, Asian & Pacific Islander"
33,New Hampshire,951.0,AIAN_NH,0.1,Indigenous (NH)
33,New Hampshire,1394868.0,ALL,100.0,All
33,New Hampshire,36014.0,API_NH,2.6,"Asian, Native Hawaiian, and Pacific Islander (NH)"
33,New Hampshire,35872.0,ASIAN,2.6,Asian
33,New Hampshire,35738.0,ASIAN_NH,2.6,Asian (NH)
33,New Hampshire,20338.0,BLACK,1.5,Black or African American
33,New Hampshire,18704.0,BLACK_NH,1.3,Black or African American (NH)
33,New Hampshire,65383.0,HISP,4.7,Hispanic or Latino
33,New Hampshire,89891.0,MULTI,6.4,Two or more races
33,New Hampshire,55303.0,MULTI_NH,4.0,Two or more races (NH)
33,New Hampshire,110080.0,MULTI_OR_OTHER_STANDARD,7.9,Two or more races & Unrepresented race
33,New Hampshire,61392.0,MULTI_OR_OTHER_STANDARD_NH,4.4,Two or more races & Unrepresented race (NH)
33,New Hampshire,1329485.0,NH,95.3,Not Hispanic or Latino
33,New Hampshire,321.0,NHPI,0.02,Native Hawaiian and Pacific Islander
33,New Hampshire,276.0,NHPI_NH,0.02,Native Hawaiian and Pacific Islander (NH)
33,New Hampshire,20189.0,OTHER_STANDARD,1.4,Unrepresented race
33,New Hampshire,6089.0,OTHER_STANDARD_NH,0.4,Unrepresented race (NH)
33,New Hampshire,1226297.0,WHITE,87.9,White
33,New Hampshire,1212424.0,WHITE_NH,86.9,White (NH)
34,New Jersey,52735.0,AIAN,0.6,Indigenous
34,New Jersey,1002307.0,AIAN_API,10.7,"American Indian, Alaska Native, Asian & Pacific Islander"
34,New Jersey,6569.0,AIAN_NH,0.1,Indigenous (NH)
34,New Jersey,9343809.0,ALL,100.0,All
34,New Jersey,940667.0,API_NH,10.1,"Asian, Native Hawaiian, and Pacific Islander (NH)"
34,New Jersey,946907.0,ASIAN,10.1,Asian
34,New Jersey,938728.0,ASIAN_NH,10.0,Asian (NH)
34,New Jersey,1194061.0,BLACK,12.8,Black or African American
34,New Jersey,1136658.0,BLACK_NH,12.2,Black or African American (NH)
34,New Jersey,2098960.0,HISP,22.5,Hispanic or Latino
34,New Jersey,1156984.0,MULTI,12.4,Two or more races
34,New Jersey,326661.0,MULTI_NH,3.5,Two or more races (NH)
34,New Jersey,2103755.0,MULTI_OR_OTHER_STANDARD,22.5,Two or more races & Unrepresented race
34,New Jersey,400976.0,MULTI_OR_OTHER_STANDARD_NH,4.3,Two or more races & Unrepresented race (NH)
34,New Jersey,7244849.0,NH,77.5,Not Hispanic or Latino
34,New Jersey,2665.0,NHPI,0.03,Native Hawaiian and Pacific Islander
34,New Jersey,1939.0,NHPI_NH,0.02,Native Hawaiian and Pacific Islander (NH)
34,New Jersey,946771.0,OTHER_STANDARD,10.1,Unrepresented race
34,New Jersey,74315.0,OTHER_STANDARD_NH,0.8,Unrepresented race (NH)
34,New Jersey,5043686.0,WHITE,54.0,White
34,New Jersey,4759979.0,WHITE_NH,50.9,White (NH)
35,New Mexico,202073.0,AIAN,9.5,Indigenous
35,New Mexico,241072.0,AIAN_API,11.4,"American Indian, Alaska Native, Asian & Pacific Islander"
35,New Mexico,179996.0,AIAN_NH,8.5,Indigenous (NH)
35,New Mexico,2120246.0,ALL,100.0,All
35,New Mexico,35851.0,API_NH,1.7,"Asian, Native Hawaiian, and Pacific Islander (NH)"
35,New Mexico,37128.0,ASIAN,1.8,Asian
35,New Mexico,34610.0,ASIAN_NH,1.6,Asian (NH)
35,New Mexico,44773.0,BLACK,2.1,Black or African American
35,New Mexico,38573.0,BLACK_NH,1.8,Black or African American (NH)
35,New Mexico,1026614.0,HISP,48.4,Hispanic or Latino
35,New Mexico,546592.0,MULTI,25.8,Two or more races
35,New Mexico,66357.0,MULTI_NH,3.1,Two or more races (NH)
35,New Mexico,821828.0,MULTI_OR_OTHER_STANDARD,38.8,Two or more races & Unrepresented race
35,New Mexico,76791.0,MULTI_OR_OTHER_STANDARD_NH,3.6,Two or more races & Unrepresented race (NH)
35,New Mexico,1093632.0,NH,51.6,Not Hispanic or Latino
35,New Mexico,1871.0,NHPI,0.1,Native Hawaiian and Pacific Islander
35,New Mexico,1241.0,NHPI_NH,0.1,Native Hawaiian and Pacific Islander (NH)
35,New Mexico,275236.0,OTHER_STANDARD,13.0,Unrepresented race
35,New Mexico,10434.0,OTHER_STANDARD_NH,0.5,Unrepresented race (NH)
35,New Mexico,1012573.0,WHITE,47.8,White
35,New Mexico,762421.0,WHITE_NH,36.0,White (NH)
36,New York,114023.0,AIAN,0.6,Indigenous
36,New York,1922283.0,AIAN_API,9.7,"American Indian, Alaska Native, Asian & Pacific Islander"
36,New York,35846.0,AIAN_NH,0.2,Indigenous (NH)
36,New York,19852366.0,ALL,100.0,All
36,New York,1788914.0,API_NH,9.0,"Asian, Native Hawaiian, and Pacific Islander (NH)"
36,New York,1798641.0,ASIAN,9.1,Asian
36,New York,1782460.0,ASIAN_NH,9.0,Asian (NH)
36,New York,2849704.0,BLACK,14.4,Black or African American
36,New York,2661771.0,BLACK_NH,13.4,Black or African American (NH)
36,New York,3936085.0,HISP,19.8,Hispanic or Latino
36,New York,2048059.0,MULTI,10.3,Two or more races
36,New York,757856.0,MULTI_NH,3.8,Two or more races (NH)
36,New York,4121361.0,MULTI_OR_OTHER_STANDARD,20.8,Two or more races & Unrepresented race
36,New York,955960.0,MULTI_OR_OTHER_STANDARD_NH,4.8,Two or more races & Unrepresented race (NH)
36,New York,15916281.0,NH,80.2,Not Hispanic or Latino
36,New York,9619.0,NHPI,0.05,Native Hawaiian and Pacific Islander
36,New York,6454.0,NHPI_NH,0.03,Native Hawaiian and Pacific Islander (NH)
36,New York,2073302.0,OTHER_STANDARD,10.4,Unrepresented race
36,New York,198104.0,OTHER_STANDARD_NH,1.0,Unrepresented race (NH)
36,New York,10959018.0,WHITE,55.2,White
36,New York,10473790.0,WHITE_NH,52.8,White (NH)
37,North Carolina,113572.0,AIAN,1.1,Indigenous
37,North Carolina,474172.0,AIAN_API,4.4,"American Indian, Alaska Native, Asian & Pacific Islander"
37,North Carolina,86572.0,AIAN_NH,0.8,Indigenous (NH)
37,North Carolina,10730404.0,ALL,100.0,All
37,North Carolina,356746.0,API_NH,3.3,"Asian, Native Hawaiian, and Pacific Islander (NH)"
37,North Carolina,354172.0,ASIAN,3.3,Asian
37,North Carolina,351050.0,ASIAN_NH,3.3,Asian (NH)
37,North Carolina,2176727.0,BLACK,20.3,Black or African American
37,North Carolina,2146633.0,BLACK_NH,20.0,Black or African American (NH)
37,North Carolina,1213850.0,HISP,11.3,Hispanic or Latino
37,North Carolina,886184.0,MULTI,8.3,Two or more races
37,North Carolina,434921.0,MULTI_NH,4.1,Two or more races (NH)
37,North Carolina,1449418.0,MULTI_OR_OTHER_STANDARD,13.5,Two or more races & Unrepresented race
37,North Carolina,488010.0,MULTI_OR_OTHER_STANDARD_NH,4.5,Two or more races & Unrepresented race (NH)
37,North Carolina,9516554.0,NH,88.7,Not Hispanic or Latino
37,North Carolina,6428.0,NHPI,0.1,Native Hawaiian and Pacific Islander
37,North Carolina,5696.0,NHPI_NH,0.1,Native Hawaiian and Pacific Islander (NH)
37,North Carolina,563234.0,OTHER_STANDARD,5.2,Unrepresented race
37,North Carolina,53089.0,OTHER_STANDARD_NH,0.5,Unrepresented race (NH)
37,North Carolina,6630087.0,WHITE,61.8,White
37,North Carolina,6438593.0,WHITE_NH,60.0,White (NH)
38,North Dakota,34610.0,AIAN,4.4,Indigenous
38,North Dakota,48652.0,AIAN_API,6.2,"American Indian, Alaska Native, Asian & Pacific Islander"
38,North Dakota,33204.0,AIAN_NH,4.2,Indigenous (NH)
38,North Dakota,784841.0,ALL,100.0,All
38,North Dakota,13805.0,API_NH,1.8,"Asian, Native Hawaiian, and Pacific Islander (NH)"
38,North Dakota,13062.0,ASIAN,1.7,Asian
38,North Dakota,12854.0,ASIAN_NH,1.6,Asian (NH)
38,North Dakota,26784.0,BLACK,3.4,Black or African American
38,North Dakota,25923.0,BLACK_NH,3.3,Black or African American (NH)
38,North Dakota,36575.0,HISP,4.7,Hispanic or Latino
38,North Dakota,46523.0,MULTI,5.9,Two or more races
38,North Dakota,31171.0,MULTI_NH,4.0,Two or more races (NH)
38,North Dakota,58333.0,MULTI_OR_OTHER_STANDARD,7.4,Two or more races & Unrepresented race
38,North Dakota,33814.0,MULTI_OR_OTHER_STANDARD_NH,4.3,Two or more races & Unrepresented race (NH)
38,North Dakota,748266.0,NH,95.3,Not Hispanic or Latino
38,North Dakota,980.0,NHPI,0.1,Native Hawaiian and Pacific Islander
38,North Dakota,951.0,NHPI_NH,0.1,Native Hawaiian and Pacific Islander (NH)
38,North Dakota,11810.0,OTHER_STANDARD,1.5,Unrepresented race
38,North Dakota,2643.0,OTHER_STANDARD_NH,0.3,Unrepresented race (NH)
38,North Dakota,651072.0,WHITE,83.0,White
38,North Dakota,641520.0,WHITE_NH,81.7,White (NH)
39,Ohio,18679.0,AIAN,0.2,Indigenous
39,Ohio,325453.0,AIAN_API,2.8,"American Indian, Alaska Native, Asian & Pacific Islander"
39,Ohio,7993.0,AIAN_NH,0.1,Indigenous (NH)
39,Ohio,11810293.0,ALL,100.0,All
39,Ohio,303879.0,API_NH,2.6,"Asian, Native Hawaiian, and Pacific Islander (NH)"
39,Ohio,302593.0,ASIAN,2.6,Asian
39,Ohio,300274.0,ASIAN_NH,2.5,Asian (NH)
39,Ohio,1440414.0,BLACK,12.2,Black or African American
39,Ohio,1420878.0,BLACK_NH,12.0,Black or African American (NH)
39,Ohio,562740.0,HISP,4.8,Hispanic or Latino
39,Ohio,763302.0,MULTI,6.5,Two or more races
39,Ohio,507580.0,MULTI_NH,4.3,Two or more races (NH)
39,Ohio,971325.0,MULTI_OR_OTHER_STANDARD,8.2,Two or more races & Unrepresented race
39,Ohio,558889.0,MULTI_OR_OTHER_STANDARD_NH,4.7,Two or more races & Unrepresented race (NH)
39,Ohio,11247553.0,NH,95.2,Not Hispanic or Latino
39,Ohio,4181.0,NHPI,0.04,Native Hawaiian and Pacific Islander
39,Ohio,3605.0,NHPI_NH,0.03,Native Hawaiian and Pacific Islander (NH)
39,Ohio,208023.0,OTHER_STANDARD,1.8,Unrepresented race
39,Ohio,51309.0,OTHER_STANDARD_NH,0.4,Unrepresented race (NH)
39,Ohio,9073101.0,WHITE,76.8,White
39,Ohio,8955914.0,WHITE_NH,75.8,White (NH)
40,Oklahoma,292504.0,AIAN,7.3,Indigenous
40,Oklahoma,396597.0,AIAN_API,9.8,"American Indian, Alaska Native, Asian & Pacific Islander"
40,Oklahoma,266888.0,AIAN_NH,6.6,Indigenous (NH)
40,Oklahoma,4028634.0,ALL,100.0,All
40,Oklahoma,102167.0,API_NH,2.5,"Asian, Native Hawaiian, and Pacific Islander (NH)"
40,Oklahoma,96373.0,ASIAN,2.4,Asian
40,Oklahoma,95183.0,ASIAN_NH,2.4,Asian (NH)
40,Oklahoma,280193.0,BLACK,7.0,Black or African American
40,Oklahoma,272436.0,BLACK_NH,6.8,Black or African American (NH)
40,Oklahoma,510804.0,HISP,12.7,Hispanic or Latino
40,Oklahoma,574629.0,MULTI,14.3,Two or more races
40,Oklahoma,360537.0,MULTI_NH,8.9,Two or more races (NH)
40,Oklahoma,725235.0,MULTI_OR_OTHER_STANDARD,18.0,Two or more races & Unrepresented race
40,Oklahoma,373679.0,MULTI_OR_OTHER_STANDARD_NH,9.3,Two or more races & Unrepresented race (NH)
40,Oklahoma,3517830.0,NH,87.3,Not Hispanic or Latino
40,Oklahoma,7720.0,NHPI,0.2,Native Hawaiian and Pacific Islander
40,Oklahoma,6984.0,NHPI_NH,0.2,Native Hawaiian and Pacific Islander (NH)
40,Oklahoma,150606.0,OTHER_STANDARD,3.7,Unrepresented race
40,Oklahoma,13142.0,OTHER_STANDARD_NH,0.3,Unrepresented race (NH)
40,Oklahoma,2626609.0,WHITE,65.2,White
40,Oklahoma,2502660.0,WHITE_NH,62.1,White (NH)
41,Oregon,47867.0,AIAN,1.1,Indigenous
41,Oregon,257101.0,AIAN_API,6.0,"American Indian, Alaska Native, Asian & Pacific Islander"
41,Oregon,26490.0,AIAN_NH,0.6,Indigenous (NH)
41,Oregon,4254293.0,ALL,100.0,All
41,Oregon,204833.0,API_NH,4.8,"Asian, Native Hawaiian, and Pacific Islander (NH)"
41,Oregon,192107.0,ASIAN,4.5,Asian
41,Oregon,188665.0,ASIAN_NH,4.4,Asian (NH)
41,Oregon,82453.0,BLACK,1.9,Black or African American
41,Oregon,77886.0,BLACK_NH,1.8,Black or African American (NH)
41,Oregon,624598.0,HISP,14.7,Hispanic or Latino
41,Oregon,523006.0,MULTI,12.3,Two or more races
41,Oregon,260974.0,MULTI_NH,6.1,Two or more races (NH)
41,Oregon,742153.0,MULTI_OR_OTHER_STANDARD,17.4,Two or more races & Unrepresented race
41,Oregon,284502.0,MULTI_OR_OTHER_STANDARD_NH,6.7,Two or more races & Unrepresented race (NH)
41,Oregon,3629695.0,NH,85.3,Not Hispanic or Latino
41,Oregon,17127.0,NHPI,0.4,Native Hawaiian and Pacific Islander
41,Oregon,16168.0,NHPI_NH,0.4,Native Hawaiian and Pacific Islander (NH)
41,Oregon,219147.0,OTHER_STANDARD,5.2,Unrepresented race
41,Oregon,23528.0,OTHER_STANDARD_NH,0.6,Unrepresented race (NH)
41,Oregon,3172586.0,WHITE,74.6,White
41,Oregon,3035984.0,WHITE_NH,71.4,White (NH)
42,Pennsylvania,25577.0,AIAN,0.2,Indigenous
42,Pennsylvania,528666.0,AIAN_API,4.1,"American Indian, Alaska Native, Asian & Pacific Islander"
42,Pennsylvania,6510.0,AIAN_NH,0.1,Indigenous (NH)
42,Pennsylvania,13018639.0,ALL,100.0,All
42,Pennsylvania,497606.0,API_NH,3.8,"Asian, Native Hawaiian, and Pacific Islander (NH)"
42,Pennsylvania,499341.0,ASIAN,3.8,Asian
42,Pennsylvania,495420.0,ASIAN_NH,3.8,Asian (NH)
42,Pennsylvania,1386475.0,BLACK,10.6,Black or African American
42,Pennsylvania,1336493.0,BLACK_NH,10.3,Black or African American (NH)
42,Pennsylvania,1135281.0,HISP,8.7,Hispanic or Latino
42,Pennsylvania,924269.0,MULTI,7.1,Two or more races
42,Pennsylvania,470477.0,MULTI_NH,3.6,Two or more races (NH)
42,Pennsylvania,1407243.0,MULTI_OR_OTHER_STANDARD,10.8,Two or more races & Unrepresented race
42,Pennsylvania,537380.0,MULTI_OR_OTHER_STANDARD_NH,4.1,Two or more races & Unrepresented race (NH)
42,Pennsylvania,11883358.0,NH,91.3,Not Hispanic or Latino
42,Pennsylvania,3748.0,NHPI,0.03,Native Hawaiian and Pacific Islander
42,Pennsylvania,2186.0,NHPI_NH,0.02,Native Hawaiian and Pacific Islander (NH)
42,Pennsylvania,482974.0,OTHER_STANDARD,3.7,Unrepresented race
42,Pennsylvania,66903.0,OTHER_STANDARD_NH,0.5,Unrepresented race (NH)
42,Pennsylvania,9696255.0,WHITE,74.5,White
42,Pennsylvania,9505369.0,WHITE_NH,73.0,White (NH)
44,Rhode Island,5430.0,AIAN,0.5,Indigenous
44,Rhode Island,45136.0,AIAN_API,4.1,"American Indian, Alaska Native, Asian & Pacific Islander"
44,Rhode Island,1621.0,AIAN_NH,0.1,Indigenous (NH)
44,Rhode Island,1101801.0,ALL,100.0,All
44,Rhode Island,38770.0,API_NH,3.5,"Asian, Native Hawaiian, and Pacific Islander (NH)"
44,Rhode Island,38862.0,ASIAN,3.5,Asian
44,Rhode Island,38127.0,ASIAN_NH,3.5,Asian (NH)
44,Rhode Island,61142.0,BLACK,5.5,Black or African American
44,Rhode Island,54225.0,BLACK_NH,4.9,Black or African American (NH)
44,Rhode Island,194915.0,HISP,17.7,Hispanic or Latino
44,Rhode Island,133874.0,MULTI,12.2,Two or more races
44,Rhode Island,53666.0,MULTI_NH,4.9,Two or more races (NH)
44,Rhode Island,220040.0,MULTI_OR_OTHER_STANDARD,20.0,Two or more races & Unrepresented race
44,Rhode Island,62831.0,MULTI_OR_OTHER_STANDARD_NH,5.7,Two or more races & Unrepresented race (NH)
44,Rhode Island,906886.0,NH,82.3,Not Hispanic or Latino
44,Rhode Island,844.0,NHPI,0.1,Native Hawaiian and Pacific Islander
44,Rhode Island,643.0,NHPI_NH,0.1,Native Hawaiian and Pacific Islander (NH)
44,Rhode Island,86166.0,OTHER_STANDARD,7.8,Unrepresented race
44,Rhode Island,9165.0,OTHER_STANDARD_NH,0.8,Unrepresented race (NH)
44,Rhode Island,775483.0,WHITE,70.4,White
44,Rhode Island,749439.0,WHITE_NH,68.0,White (NH)
45,South Carolina,20586.0,AIAN,0.4,Indigenous
45,South Carolina,117810.0,AIAN_API,2.2,"American Indian, Alaska Native, Asian & Pacific Islander"
45,South Carolina,9905.0,AIAN_NH,0.2,Indigenous (NH)
45,South Carolina,5296225.0,ALL,100.0,All
45,South Carolina,94557.0,API_NH,1.8,"Asian, Native Hawaiian, and Pacific Islander (NH)"
45,South Carolina,94377.0,ASIAN,1.8,Asian
45,South Carolina,92552.0,ASIAN_NH,1.7,Asian (NH)
45,South Carolina,1314322.0,BLACK,24.8,Black or African American
45,South Carolina,1302215.0,BLACK_NH,24.6,Black or African American (NH)
45,South Carolina,390376.0,HISP,7.4,Hispanic or Latino
45,South Carolina,362719.0,MULTI,6.8,Two or more races
45,South Carolina,195664.0,MULTI_NH,3.7,Two or more races (NH)
45,South Carolina,510863.0,MULTI_OR_OTHER_STANDARD,9.6,Two or more races & Unrepresented race
45,South Carolina,221189.0,MULTI_OR_OTHER_STANDARD_NH,4.2,Two or more races & Unrepresented race (NH)
45,South Carolina,4905849.0,NH,92.6,Not Hispanic or Latino
45,South Carolina,2847.0,NHPI,0.1,Native Hawaiian and Pacific Islander
45,South Carolina,2005.0,NHPI_NH,0.04,Native Hawaiian and Pacific Islander (NH)
45,South Carolina,148144.0,OTHER_STANDARD,2.8,Unrepresented race
45,South Carolina,25525.0,OTHER_STANDARD_NH,0.5,Unrepresented race (NH)
45,South Carolina,3353230.0,WHITE,63.3,White
45,South Carolina,3277983.0,WHITE_NH,61.9,White (NH)
46,South Dakota,68370.0,AIAN,7.5,Indigenous
46,South Dakota,81427.0,AIAN_API,9.0,"American Indian, Alaska Native, Asian & Pacific Islander"
46,South Dakota,64713.0,AIAN_NH,7.1,Indigenous (NH)
46,South Dakota,907428.0,ALL,100.0,All
46,South Dakota,12992.0,API_NH,1.4,"Asian, Native Hawaiian, and Pacific Islander (NH)"
46,South Dakota,12717.0,ASIAN,1.4,Asian
46,South Dakota,12663.0,ASIAN_NH,1.4,Asian (NH)
46,South Dakota,20474.0,BLACK,2.3,Black or African American
46,South Dakota,19404.0,BLACK_NH,2.1,Black or African American (NH)
46,South Dakota,43777.0,HISP,4.8,Hispanic or Latino
46,South Dakota,58934.0,MULTI,6.5,Two or more races
46,South Dakota,39738.0,MULTI_NH,4.4,Two or more races (NH)
46,South Dakota,73381.0,MULTI_OR_OTHER_STANDARD,8.1,Two or more races & Unrepresented race
46,South Dakota,42813.0,MULTI_OR_OTHER_STANDARD_NH,4.7,Two or more races & Unrepresented race (NH)
46,South Dakota,863651.0,NH,95.2,Not Hispanic or Latino
46,South Dakota,340.0,NHPI,0.04,Native Hawaiian and Pacific Islander
46,South Dakota,329.0,NHPI_NH,0.04,Native Hawaiian and Pacific Islander (NH)
46,South Dakota,14447.0,OTHER_STANDARD,1.6,Unrepresented race
46,South Dakota,3075.0,OTHER_STANDARD_NH,0.3,Unrepresented race (NH)
46,South Dakota,732146.0,WHITE,80.7,White
46,South Dakota,723729.0,WHITE_NH,79.8,White (NH)
47,Tennessee,19393.0,AIAN,0.3,Indigenous
47,Tennessee,159958.0,AIAN_API,2.3,"American Indian, Alaska Native, Asian & Pacific Islander"
47,Tennessee,6335.0,AIAN_NH,0.1,Indigenous (NH)
47,Tennessee,7066383.0,ALL,100.0,All
47,Tennessee,137304.0,API_NH,1.9,"Asian, Native Hawaiian, and Pacific Islander (NH)"
47,Tennessee,134918.0,ASIAN,1.9,Asian
47,Tennessee,133337.0,ASIAN_NH,1.9,Asian (NH)
47,Tennessee,1099222.0,BLACK,15.6,Black or African American
47,Tennessee,1090494.0,BLACK_NH,15.4,Black or African American (NH)
47,Tennessee,523528.0,HISP,7.4,Hispanic or Latino
47,Tennessee,495981.0,MULTI,7.0,Two or more races
47,Tennessee,261143.0,MULTI_NH,3.7,Two or more races (NH)
47,Tennessee,689877.0,MULTI_OR_OTHER_STANDARD,9.8,Two or more races & Unrepresented race
47,Tennessee,289742.0,MULTI_OR_OTHER_STANDARD_NH,4.1,Two or more races & Unrepresented race (NH)
47,Tennessee,6542855.0,NH,92.6,Not Hispanic or Latino
47,Tennessee,5647.0,NHPI,0.1,Native Hawaiian and Pacific Islander
47,Tennessee,3967.0,NHPI_NH,0.1,Native Hawaiian and Pacific Islander (NH)
47,Tennessee,193896.0,OTHER_STANDARD,2.7,Unrepresented race
47,Tennessee,28599.0,OTHER_STANDARD_NH,0.4,Unrepresented race (NH)
47,Tennessee,5117326.0,WHITE,72.4,White
47,Tennessee,5018980.0,WHITE_NH,71.0,White (NH)
48,Texas,223484.0,AIAN,0.7,Indigenous
48,Texas,1936278.0,AIAN_API,6.4,"American Indian, Alaska Native, Asian & Pacific Islander"
48,Texas,42886.0,AIAN_NH,0.1,Indigenous (NH)
48,Texas,30188424.0,ALL,100.0,All
48,Texas,1681552.0,API_NH,5.6,"Asian, Native Hawaiian, and Pacific Islander (NH)"
48,Texas,1683136.0,ASIAN,5.6,Asian
48,Texas,1657423.0,ASIAN_NH,5.5,Asian (NH)
48,Texas,3692993.0,BLACK,12.2,Black or African American
48,Texas,3595595.0,BLACK_NH,11.9,Black or African American (NH)
48,Texas,11991467.0,HISP,39.7,Hispanic or Latino
48,Texas,7091523.0,MULTI,23.5,Two or more races
48,Texas,943433.0,MULTI_NH,3.1,Two or more races (NH)
48,Texas,9914024.0,MULTI_OR_OTHER_STANDARD,32.8,Two or more races & Unrepresented race
48,Texas,1067498.0,MULTI_OR_OTHER_STANDARD_NH,3.5,Two or more races & Unrepresented race (NH)
48,Texas,18196957.0,NH,60.3,Not Hispanic or Latino
48,Texas,29658.0,NHPI,0.1,Native Hawaiian and Pacific Islander
48,Texas,24129.0,NHPI_NH,0.1,Native Hawaiian and Pacific Islander (NH)
48,Texas,2822501.0,OTHER_STANDARD,9.3,Unrepresented race
48,Texas,124065.0,OTHER_STANDARD_NH,0.4,Unrepresented race (NH)
48,Texas,14645129.0,WHITE,48.5,White
48,Texas,11809426.0,WHITE_NH,39.1,White (NH)
49,Utah,34235.0,AIAN,1.0,Indigenous
49,Utah,148928.0,AIAN_API,4.4,"American Indian, Alaska Native, Asian & Pacific Islander"
49,Utah,20975.0,AIAN_NH,0.6,Indigenous (NH)
49,Utah,3392331.0,ALL,100.0,All
49,Utah,111554.0,API_NH,3.3,"Asian, Native Hawaiian, and Pacific Islander (NH)"
49,Utah,82950.0,ASIAN,2.4,Asian
49,Utah,81061.0,ASIAN_NH,2.4,Asian (NH)
49,Utah,39489.0,BLACK,1.2,Black or African American
49,Utah,36249.0,BLACK_NH,1.1,Black or African American (NH)
49,Utah,539620.0,HISP,15.9,Hispanic or Latino
49,Utah,328724.0,MULTI,9.7,Two or more races
49,Utah,134626.0,MULTI_NH,4.0,Two or more races (NH)
49,Utah,532565.0,MULTI_OR_OTHER_STANDARD,15.7,Two or more races & Unrepresented race
49,Utah,148871.0,MULTI_OR_OTHER_STANDARD_NH,4.4,Two or more races & Unrepresented race (NH)
49,Utah,2852711.0,NH,84.1,Not Hispanic or Latino
49,Utah,31743.0,NHPI,0.9,Native Hawaiian and Pacific Islander
49,Utah,30493.0,NHPI_NH,0.9,Native Hawaiian and Pacific Islander (NH)
49,Utah,203841.0,OTHER_STANDARD,6.0,Unrepresented race
49,Utah,14245.0,OTHER_STANDARD_NH,0.4,Unrepresented race (NH)
49,Utah,2671349.0,WHITE,78.7,White
49,Utah,2535062.0,WHITE_NH,74.7,White (NH)
50,Vermont,1065.0,AIAN,0.2,Indigenous
50,Vermont,12889.0,AIAN_API,2.0,"American Indian, Alaska Native, Asian & Pacific Islander"
50,Vermont,785.0,AIAN_NH,0.1,Indigenous (NH)
50,Vermont,647106.0,ALL,100.0,All
50,Vermont,11589.0,API_NH,1.8,"Asian, Native Hawaiian, and Pacific Islander (NH)"
50,Vermont,11743.0,ASIAN,1.8,Asian
50,Vermont,11520.0,ASIAN_NH,1.8,Asian (NH)
50,Vermont,7316.0,BLACK,1.1,Black or African American
50,Vermont,7118.0,BLACK_NH,1.1,Black or African American (NH)
50,Vermont,16545.0,HISP,2.6,Hispanic or Latino
50,Vermont,35395.0,MULTI,5.5,Two or more races
50,Vermont,26506.0,MULTI_NH,4.1,Two or more races (NH)
50,Vermont,40189.0,MULTI_OR_OTHER_STANDARD,6.2,Two or more races & Unrepresented race
50,Vermont,29038.0,MULTI_OR_OTHER_STANDARD_NH,4.5,Two or more races & Unrepresented race (NH)
50,Vermont,630561.0,NH,97.4,Not Hispanic or Latino
50,Vermont,81.0,NHPI,0.01,Native Hawaiian and Pacific Islander
50,Vermont,69.0,NHPI_NH,0.01,Native Hawaiian and Pacific Islander (NH)
50,Vermont,4794.0,OTHER_STANDARD,0.7,Unrepresented race
50,Vermont,2532.0,OTHER_STANDARD_NH,0.4,Unrepresented race (NH)
50,Vermont,586712.0,WHITE,90.7,White
50,Vermont,582031.0,WHITE_NH,89.9,White (NH)
51,Virginia,30986.0,AIAN,0.4,Indigenous
51,Virginia,641201.0,AIAN_API,7.4,"American Indian, Alaska Native, Asian & Pacific Islander"
51,Virginia,9936.0,AIAN_NH,0.1,Indigenous (NH)
51,Virginia,8705170.0,ALL,100.0,All
51,Virginia,604823.0,API_NH,6.9,"Asian, Native Hawaiian, and Pacific Islander (NH)"
51,Virginia,604505.0,ASIAN,6.9,Asian
51,Virginia,599863.0,ASIAN_NH,6.9,Asian (NH)
51,Virginia,1616256.0,BLACK,18.6,Black or African American
51,Virginia,1589523.0,BLACK_NH,18.3,Black or African American (NH)
51,Virginia,959089.0,HISP,11.0,Hispanic or Latino
51,Virginia,823611.0,MULTI,9.5,Two or more races
51,Virginia,407269.0,MULTI_NH,4.7,Two or more races (NH)
51,Virginia,1207684.0,MULTI_OR_OTHER_STANDARD,13.9,Two or more races & Unrepresented race
51,Virginia,462021.0,MULTI_OR_OTHER_STANDARD_NH,5.3,Two or more races & Unrepresented race (NH)
51,Virginia,7746081.0,NH,89.0,Not Hispanic or Latino
51,Virginia,5710.0,NHPI,0.1,Native Hawaiian and Pacific Islander
51,Virginia,4960.0,NHPI_NH,0.1,Native Hawaiian and Pacific Islander (NH)
51,Virginia,384073.0,OTHER_STANDARD,4.4,Unrepresented race
51,Virginia,54752.0,OTHER_STANDARD_NH,0.6,Unrepresented race (NH)
51,Virginia,5240029.0,WHITE,60.2,White
51,Virginia,5079778.0,WHITE_NH,58.4,White (NH)
53,Washington,91528.0,AIAN,1.2,Indigenous
53,Washington,915257.0,AIAN_API,11.7,"American Indian, Alaska Native, Asian & Pacific Islander"
53,Washington,60588.0,AIAN_NH,0.8,Indigenous (NH)
53,Washington,7816116.0,ALL,100.0,All
53,Washington,814304.0,API_NH,10.4,"Asian, Native Hawaiian, and Pacific Islander (NH)"
53,Washington,767011.0,ASIAN,9.8,Asian
53,Washington,759625.0,ASIAN_NH,9.7,Asian (NH)
53,Washington,311435.0,BLACK,4.0,Black or African American
53,Washington,300646.0,BLACK_NH,3.8,Black or African American (NH)
53,Washington,1123614.0,HISP,14.4,Hispanic or Latino
53,Washington,996740.0,MULTI,12.8,Two or more races
53,Washington,533027.0,MULTI_NH,6.8,Two or more races (NH)
53,Washington,1448120.0,MULTI_OR_OTHER_STANDARD,18.5,Two or more races & Unrepresented race
53,Washington,581406.0,MULTI_OR_OTHER_STANDARD_NH,7.4,Two or more races & Unrepresented race (NH)
53,Washington,6692502.0,NH,85.6,Not Hispanic or Latino
53,Washington,56718.0,NHPI,0.7,Native Hawaiian and Pacific Islander
53,Washington,54679.0,NHPI_NH,0.7,Native Hawaiian and Pacific Islander (NH)
53,Washington,451380.0,OTHER_STANDARD,5.8,Unrepresented race
53,Washington,48379.0,OTHER_STANDARD_NH,0.6,Unrepresented race (NH)
53,Washington,5141304.0,WHITE,65.8,White
53,Washington,4935558.0,WHITE_NH,63.1,White (NH)
54,West Virginia,1744.0,AIAN,0.1,Indigenous
54,West Virginia,15811.0,AIAN_API,0.9,"American Indian, Alaska Native, Asian & Pacific Islander"
54,West Virginia,1277.0,AIAN_NH,0.1,Indigenous (NH)
54,West Virginia,1778373.0,ALL,100.0,All
54,West Virginia,13906.0,API_NH,0.8,"Asian, Native Hawaiian, and Pacific Islander (NH)"
54,West Virginia,13491.0,ASIAN,0.8,Asian
54,West Virginia,13343.0,ASIAN_NH,0.8,Asian (NH)
54,West Virginia,56175.0,BLACK,3.2,Black or African American
54,West Virginia,54933.0,BLACK_NH,3.1,Black or African American (NH)
54,West Virginia,38175.0,HISP,2.1,Hispanic or Latino
54,West Virginia,86819.0,MULTI,4.9,Two or more races
54,West Virginia,69544.0,MULTI_NH,3.9,Two or more races (NH)
54,West Virginia,101159.0,MULTI_OR_OTHER_STANDARD,5.7,Two or more races & Unrepresented race
54,West Virginia,75237.0,MULTI_OR_OTHER_STANDARD_NH,4.2,Two or more races & Unrepresented race (NH)
54,West Virginia,1740198.0,NH,97.9,Not Hispanic or Latino
54,West Virginia,576.0,NHPI,0.03,Native Hawaiian and Pacific Islander
54,West Virginia,563.0,NHPI_NH,0.03,Native Hawaiian and Pacific Islander (NH)
54,West Virginia,14340.0,OTHER_STANDARD,0.8,Unrepresented race
54,West Virginia,5693.0,OTHER_STANDARD_NH,0.3,Unrepresented race (NH)
54,West Virginia,1605228.0,WHITE,90.3,White
54,West Virginia,1594845.0,WHITE_NH,89.7,White (NH)
55,Wisconsin,44388.0,AIAN,0.8,Indigenous
55,Wisconsin,221636.0,AIAN_API,3.7,"American Indian, Alaska Native, Asian & Pacific Islander"
55,Wisconsin,32464.0,AIAN_NH,0.5,Indigenous (NH)
55,Wisconsin,5914872.0,ALL,100.0,All
55,Wisconsin,175098.0,API_NH,3.0,"Asian, Native Hawaiian, and Pacific Islander (NH)"
55,Wisconsin,175327.0,ASIAN,3.0,Asian
55,Wisconsin,173674.0,ASIAN_NH,2.9,Asian (NH)
55,Wisconsin,359804.0,BLACK,6.1,Black or African American
55,Wisconsin,351851.0,BLACK_NH,5.9,Black or African American (NH)
55,Wisconsin,471930.0,HISP,8.0,Hispanic or Latino
55,Wisconsin,448473.0,MULTI,7.6,Two or more races
55,Wisconsin,216283.0,MULTI_NH,3.7,Two or more races (NH)
55,Wisconsin,595513.0,MULTI_OR_OTHER_STANDARD,10.1,Two or more races & Unrepresented race
55,Wisconsin,236791.0,MULTI_OR_OTHER_STANDARD_NH,4.0,Two or more races & Unrepresented race (NH)
55,Wisconsin,5442942.0,NH,92.0,Not Hispanic or Latino
55,Wisconsin,1921.0,NHPI,0.03,Native Hawaiian and Pacific Islander
55,Wisconsin,1424.0,NHPI_NH,0.02,Native Hawaiian and Pacific Islander (NH)
55,Wisconsin,147040.0,OTHER_STANDARD,2.5,Unrepresented race
55,Wisconsin,20508.0,OTHER_STANDARD_NH,0.3,Unrepresented race (NH)
55,Wisconsin,4737919.0,WHITE,80.1,White
55,Wisconsin,4646738.0,WHITE_NH,78.6,White (NH)
56,Wyoming,11227.0,AIAN,1.9,Indigenous
56,Wyoming,16474.0,AIAN_API,2.8,"American Indian, Alaska Native, Asian & Pacific Islander"
56,Wyoming,9221.0,AIAN_NH,1.6,Indigenous (NH)
56,Wyoming,582397.0,ALL,100.0,All
56,Wyoming,4893.0,API_NH,0.8,"Asian, Native Hawaiian, and Pacific Islander (NH)"
56,Wyoming,4776.0,ASIAN,0.8,Asian
56,Wyoming,4565.0,ASIAN_NH,0.8,Asian (NH)
56,Wyoming,5129.0,BLACK,0.9,Black or African American
56,Wyoming,4895.0,BLACK_NH,0.8,Black or African American (NH)
56,Wyoming,62047.0,HISP,10.7,Hispanic or Latino
56,Wyoming,48026.0,MULTI,8.2,Two or more races
56,Wyoming,23284.0,MULTI_NH,4.0,Two or more races (NH)
56,Wyoming,68636.0,MULTI_OR_OTHER_STANDARD,11.8,Two or more races & Unrepresented race
56,Wyoming,27550.0,MULTI_OR_OTHER_STANDARD_NH,4.7,Two or more races & Unrepresented race (NH)
56,Wyoming,520350.0,NH,89.3,Not Hispanic or Latino
56,Wyoming,471.0,NHPI,0.1,Native Hawaiian and Pacific Islander
56,Wyoming,328.0,NHPI_NH,0.1,Native Hawaiian and Pacific Islander (NH)
56,Wyoming,20610.0,OTHER_STANDARD,3.5,Unrepresented race
56,Wyoming,4266.0,OTHER_STANDARD_NH,0.7,Unrepresented race (NH)
56,Wyoming,492158.0,WHITE,84.5,White
56,Wyoming,473791.0,WHITE_NH,81.4,White (NH)
72,Puerto Rico,6770.0,AIAN,0.2,Indigenous
72,Puerto Rico,12587.0,AIAN_API,0.4,"American Indian, Alaska Native, Asian & Pacific Islander"
72,Puerto Rico,24.0,AIAN_NH,0.0,Indigenous (NH)
72,Puerto Rico,3234309.0,ALL,100.0,All
72,Puerto Rico,2552.0,API_NH,0.1,"Asian, Native Hawaiian, and Pacific Islander (NH)"
72,Puerto Rico,5661.0,ASIAN,0.2,Asian
72,Puerto Rico,2441.0,ASIAN_NH,0.1,Asian (NH)
72,Puerto Rico,191107.0,BLACK,5.9,Black or African American
72,Puerto Rico,3706.0,BLACK_NH,0.1,Black or African American (NH)
72,Puerto Rico,3200873.0,HISP,99.0,Hispanic or Latino
72,Puerto Rico,1186049.0,MULTI,36.7,Two or more races
72,Puerto Rico,3541.0,MULTI_NH,0.1,Two or more races (NH)
72,Puerto Rico,2177228.0,MULTI_OR_OTHER_STANDARD,67.3,Two or more races & Unrepresented race
72,Puerto Rico,7038.0,MULTI_OR_OTHER_STANDARD_NH,0.2,Two or more races & Unrepresented race (NH)
72,Puerto Rico,33436.0,NH,1.0,Not Hispanic or Latino
72,Puerto Rico,156.0,NHPI,0.0,Native Hawaiian and Pacific Islander
72,Puerto Rico,111.0,NHPI_NH,0.0,Native Hawaiian and Pacific Islander (NH)
72,Puerto Rico,991179.0,OTHER_STANDARD,30.6,Unrepresented race
72,Puerto Rico,3497.0,OTHER_STANDARD_NH,0.1,Unrepresented race (NH)
72,Puerto Rico,853387.0,WHITE,26.4,White
72,Puerto Rico,20116.0,WHITE_NH,0.6,White (NH)
